0x803d64,Name,Description,ID,Support Class,Portrait,Map Portrait,Affinity,Unit Sort Order,Lv,HP,Atk,Skl,Spd,Def,Res,Eva,Con,Sword,Lance,Axe,Bow,Staff,Tome,Knife,Gun,HP Growth,Atk Growth,Skl Growth,Spd Growth,Def Growth,Res Growth,Eva Growth,N/A,N/A,N/A,N/A,N/A,CharClassAbility,Support Data Ptr,N/A (Conversation Group),N/A,N/A,N/A
0x01 Lua,LuaName,LuaDesc,Lua,Captain,LuaMug,0x0,LightAffinity,0x1,8,0,0,0,0,0,0,0,0,CRank + 20,NoRank,NoRank,NoRank,NoRank,NoRank,NoRank,CRank,90,45,40,55,35,20,35,0x0,0x0,0x0,0x0,0x0,IsFemale|UnlockEirika|IsLord,0x0,0x7,0x0,0x0,0x0
0x02 Pilar,PilarName,PilarDesc,Pilar,MasterNinja,PilarMug,0x0,AnimaAffinity,0x3,10,7,1,7,8,1,3,2,0,CRank,NoRank,NoRank,NoRank,NoRank,NoRank,BRank + 40,NoRank,70,25,60,75,20,40,45,0x0,0x0,0x0,0x0,0x0,IsFemale,0x0,0x3,0x0,0x0,0x0
0x03 Desiderio,DesiderioName,DesiderioDesc,Desiderio,Vanguard,DesiderioMug,0x0,ThunderAffinity,0x7,8,7,8,0,4,2,1,1,0,NoRank,CRank,CRank + 20,NoRank,NoRank,NoRank,NoRank,NoRank,110,75,40,35,55,10,25,0x0,0x0,0x0,0x0,0x0,0x0,0x0,0x4,0x0,0x0,0x0
0x04 Razvan,RazvanName,RazvanDesc,Razvan,Curate,RazvanMug,0x0,LightAffinity,0x6,3,3,4,3,(-1),3,(-4),(-1),0,NoRank,NoRank,NoRank,NoRank,CRank,NoRank,NoRank,NoRank,65,30,45,45,25,30,40,0x0,0x0,0x0,0x0,0x0,0x0,0x0,0x3,0x0,0x0,0x0
0x05 Carmen,CarmenName,CarmenDesc,Carmen,Mage,CarmenMug,0x0,AnimaAffinity,0x8,1,0,2,2,3,(-1),(-5),(-1),0,NoRank,NoRank,NoRank,NoRank,NoRank,DRank,NoRank,NoRank,75,35,55,60,20,20,25,0x0,0x0,0x0,0x0,0x0,IsFemale,0x0,0x4,0x0,0x0,0x0
0x06 Ximo,XimoName,XimoDesc,Ximo,Archer,XimoMug,0x0,AnimaAffinity,0x9,1,0,(-1),2,1,1,(-1),(-2),0,NoRank,NoRank,NoRank,DRank,NoRank,NoRank,NoRank,NoRank,85,60,70,45,30,10,15,0x0,0x0,0x0,0x0,0x0,0x0,0x0,0xa,0x0,0x0,0x0
0x07 Estelle,EstelleName,EstelleDesc,Estelle,Troubadour,EstelleMug,0x0,FireAffinity,0xa,2,1,(-1),(-5),1,(-1),1,6,0,NoRank,NoRank,NoRank,NoRank,DRank + 10,NoRank,NoRank,NoRank,55,5,25,55,10,50,50,0x0,0x0,0x0,0x0,0x0,IsFemale,0x0,0x5,0x0,0x0,0x0
0x08 Hermenegildo,HermenegildoName,HermenegildoDesc,Hermenegildo,Myrmidon,HermenegildoMug,0x0,FireAffinity,0xb,2,(-3),(-2),(-3),0,1,4,3,1,DRank + 10,NoRank,NoRank,NoRank,NoRank,NoRank,NoRank,NoRank,55,30,45,55,25,40,50,0x0,0x0,0x0,0x0,0x0,0x0,0x0,0x7,0x0,0x0,0x0
0x09 MrYodsen,MrYodsenName,MrYodsenDesc,MrYodsen,Gunner,MrYodsenMug,0x0,LightAffinity,0xc,9,5,8,4,0,0,8,0,4,NoRank,NoRank,NoRank,NoRank,NoRank,NoRank,NoRank,BRank,65,40,65,30,10,40,15,0x0,0x0,0x0,0x0,0x0,0x0,0x0,0x0,0x0,0x0,0x0
0x0A Durgham,DurghamName,DurghamDesc,Durgham,LanceCav,DurghamMug,0x0,FireAffinity,0xd,6,9,4,9,(-1),1,2,(-1),5,NoRank,BRank,NoRank,NoRank,NoRank,NoRank,NoRank,NoRank,105,50,70,30,30,10,10,0x0,0x0,0x0,0x0,0x0,0x0,0x0,0x1,0x0,0x0,0x0
0x0B Indio,IndioName,IndioDesc,Indio,Shaman,IndioMug,0x0,WindAffinity,0x14,1,(-6),(-3),7,(-5),1,3,(-2),(-5),NoRank,NoRank,NoRank,NoRank,NoRank,DRank,NoRank,NoRank,63,21,70,7,49,42,7,0x0,0x0,0x0,0x0,0x0,0x0,0x0,0x0,0x0,0x0,0x0
0x0C Leandra,LeandraName,LeandraDesc,Leandra,Fighter,LeandraMug,0x0,ThunderAffinity,0xf,5,0,4,4,1,1,5,2,1,NoRank,NoRank,CRank + 10,NoRank,NoRank,NoRank,NoRank,NoRank,105,77,56,35,35,28,14,0x0,0x0,0x0,0x0,0x0,IsFemale,0x0,0x7,0x0,0x0,0x0
0x0D Jaime,JaimeName,JaimeDesc,Jaime,PegasusRider,JaimeMug,0x0,WindAffinity,0x10,4,(-1),0,3,0,0,0,6,1,CRank,NoRank,NoRank,NoRank,NoRank,NoRank,NoRank,NoRank,60,30,50,65,15,30,50,0x0,0x0,0x0,0x0,0x0,0x0,0x0,0xa,0x0,0x0,0x0
0x0E Leonor,LeonorName,LeonorDesc,Leonor,Cleric,LeonorMug,0x0,FireAffinity,0x1f,6,3,0,1,0,2,(-3),1,0,NoRank,NoRank,NoRank,NoRank,BRank,NoRank,NoRank,NoRank,80,40,35,35,35,20,20,0x0,0x0,0x0,0x0,0x0,IsFemale,0x0,0x0,0x0,0x0,0x0
0x0F Ondeh,OndehName,OndehDesc,Ondeh,Hunter_F,OndehMug,0x0,FireAffinity,0x1,4,2,0,2,3,0,2,1,0,NoRank,NoRank,NoRank,CRank,NoRank,NoRank,NoRank,NoRank,75,35,50,70,15,45,35,0x0,0x0,0x0,0x0,0x0,IsFemale,0x0,0x3,0x0,0x0,0x0
0x10 Biko,BikoName,BikoDesc,Biko,Soldier,BikoMug,0x0,WindAffinity,0x5,1,(-4),3,(-3),(-1),(-1),(-3),4,0,NoRank,DRank,NoRank,NoRank,NoRank,NoRank,NoRank,NoRank,95,60,40,40,40,10,35,0x0,0x0,0x0,0x0,0x0,0x0,0x0,0x3,0x0,0x0,0x0
0x11 Tangyuan,TangyuanName,TangyuanDesc,Tangyuan,DragonRider_F,TangyuanMug,0x0,WindAffinity,0x4,6,(-1),4,8,(-2),(-3),0,5,0,NoRank,NoRank,CRank +25,NoRank,NoRank,NoRank,NoRank,NoRank,70,60,60,25,25,5,40,0x0,0x0,0x0,0x0,0x0,IsFemale,0x0,0x3,0x0,0x0,0x0
0x12 Juan,JuanName,JuanDesc,Juan,Thief,JuanMug,0x0,WindAffinity,0x13,4,0,(-1),(-1),3,3,(-2),6,3,NoRank,NoRank,NoRank,NoRank,NoRank,NoRank,CRank + 10,NoRank,75,40,30,65,40,10,60,0x0,0x0,0x0,0x0,0x0,0x0,0x0,0x7,0x0,0x0,0x0
0x13 Matteo,MatteoName,MatteoDesc,Matteo,Mercenary,MatteoMug,0x0,IceAffinity,0xe,4,2,(-1),3,7,0,0,(-1),0,CRank,NoRank,NoRank,NoRank,NoRank,NoRank,NoRank,NoRank,90,75,55,40,35,10,20,0x0,0x0,0x0,0x0,0x0,0x0,0x0,0x0,0x0,0x0,0x0
0x14 Suzanne,SuzanneName,SuzanneDesc,Suzanne,Gunner_F,SuzanneMug,0x0,ThunderAffinity,0x15,4,4,4,(-2),8,2,(-1),2,(-2),NoRank,NoRank,NoRank,NoRank,NoRank,NoRank,NoRank,CRank,75,30,50,70,20,10,25,0x0,0x0,0x0,0x0,0x0,IsFemale,0x0,0x4,0x0,0x0,0x0
0x15 Orlando,OrlandoName,OrlandoDesc,Orlando,Trickster,OrlandoMug,0x0,FireAffinity,0x16,15,9,8,4,4,8,(-1),(-6),4,NoRank,NoRank,NoRank,NoRank,NoRank,CRank + 40,BRank + 50,NoRank,65,40,40,55,30,25,15,0x0,0x0,0x0,0x0,0x0,0x0,0x0,0x7,0x0,0x0,0x0
0x16 Rahel,RahelName,RahelDesc,Rahel,BowCav,RahelMug,0x0,IceAffinity,0x17,1,4,1,0,2,5,3,(-1),0,NoRank,NoRank,NoRank,DRank,NoRank,NoRank,NoRank,NoRank,95,45,60,60,45,35,25,0x0,0x0,0x0,0x0,0x0,IsFemale,0x0,0xc,0x0,0x0,0x0
0x17 Dmitr,DmitrName,DmitrDesc,Dmitr,Brigand,DmitrMug,0x0,WindAffinity,0x18,11,2,3,5,7,0,7,9,1,NoRank,NoRank,BRank + 25,NoRank,NoRank,NoRank,NoRank,NoRank,75,50,35,60,15,35,45,0x0,0x0,0x0,0x0,0x0,0x0,0x0,0x6,0x0,0x0,0x0
0x18 Husniye,HusniyeName,HusniyeDesc,Husniye,Thief,HusniyeMug,0x0,WindAffinity,0x19,10,9,5,7,3,3,5,(-1),1,NoRank,NoRank,NoRank,NoRank,NoRank,NoRank,BRank + 15,NoRank,90,50,50,50,30,30,25,0x0,0x0,0x0,0x0,0x0,IsFemale,0x0,0x5,0x0,0x0,0x0
0x19 Avocado,AvocadoName,AvocadoDesc,Avocado,Deserter,AvocadoMug,0x0,DarkAffinity,0x1b,12,5,5,8,6,2,4,0,4,NoRank,BRank + 35,NoRank,NoRank,NoRank,NoRank,NoRank,NoRank,85,55,50,50,25,20,20,0x0,0x0,0x0,0x0,0x0,0x0,0x0,0xb,0x0,0x0,0x0
0x1A Magdalena,MagdalenaName,MagdalenaDesc,Magdalena,Sage_F,MagdalenaMug,0x0,IceAffinity,0x1c,15,16,0,5,5,0,1,3,0,NoRank,NoRank,NoRank,NoRank,BRank + 40,BRank,NoRank,NoRank,80,15,40,45,35,15,35,0x0,0x0,0x0,0x0,0x0,IsFemale,0x0,0x4,0x0,0x0,0x0
0x1B Ernest,ErnestName,ErnestDesc,Ernest,Gryphoknight,ErnestMug,0x0,ThunderAffinity,0x0,11,10,2,3,3,9,0,2,1,NoRank,BRank + 50,NoRank,NoRank,NoRank,NoRank,NoRank,NoRank,85,40,40,55,45,20,30,0x0,0x0,0x0,0x0,0x0,0x0,0x0,0x0,0x0,0x0,0x0
0x1C Kai,KaiName,KaiDesc,Kai,Ninja,KaiMug,0x0,DarkAffinity,0x1d,6,(-1),5,5,4,(-1),1,4,1,NoRank,NoRank,NoRank,NoRank,NoRank,NoRank,CRank + 25,NoRank,55,45,60,70,10,35,55,0x0,0x0,0x0,0x0,0x0,0x0,0x0,0x0,0x0,0x0,0x0
0x1D Adrian,AdrianName,AdrianDesc,Adrian,Fighter,0x25,0x0,FireAffinity,0x1e,11,1,6,5,8,1,0,9,0,NoRank,NoRank,BRank + 25,NoRank,NoRank,NoRank,NoRank,NoRank,85,65,45,50,25,5,35,0x0,0x0,0x0,0x0,0x0,0x0,0x0,0x4,0x0,0x0,0x0
0x1E Lexa,LexaName,LexaDesc,Lexa,Myrmidon_F,0x26,0x0,ThunderAffinity,0x22,11,6,4,8,9,(-1),2,4,0,BRank + 25,NoRank,NoRank,NoRank,NoRank,NoRank,NoRank,NoRank,70,40,65,70,10,20,40,0x0,0x0,0x0,0x0,0x0,IsFemale,0x0,0xc,0x0,0x0,0x0
0x1F Fata,FataName,FataDesc,Fata,Monk,FataMug,0x0,WindAffinity,0x20,11,7,11,6,3,(-1),1,3,2,NoRank,NoRank,NoRank,NoRank,NoRank,BRank + 25,NoRank,NoRank,65,55,45,50,10,35,35,0x0,0x0,0x0,0x0,0x0,IsFemale,0x0,0x3,0x0,0x0,0x0
0x20 Ponte,PonteName,PonteDesc,Ponte,Brigand,PonteMug,0x0,WindAffinity,0x11,6,10,(-2),7,0,5,0,10,4,NoRank,NoRank,CRank + 25,NoRank,NoRank,NoRank,NoRank,NoRank,125,40,50,45,40,15,60,0x0,0x0,0x0,0x0,0x0,0x0,0x0,0x3,0x0,0x0,0x0
0x21 Passarola,PassarolaName,PassarolaDesc,Passarola,Adventurer_F,PassarolaMug,0x0,ThunderAffinity,0x23,15,24,(-1),5,15,2,(-4),(-6),0,NoRank,NoRank,NoRank,CRank + 40,BRank + 50,NoRank,NoRank,NoRank,110,25,40,75,20,10,5,0x0,0x0,0x0,0x0,0x0,IsFemale,0x0,0xa,0x0,0x0,0x0
0x22 Neltume,NeltumeName,NeltumeDesc,Neltume,Cleric,NeltumeMug,0x0,WindAffinity,0x12,10,5,6,8,7,(-3),5,5,1,NoRank,NoRank,NoRank,NoRank,BRank + 15,NoRank,NoRank,NoRank,75,55,55,55,15,45,35,0x0,0x0,0x0,0x0,0x0,0x0,0x0,0xa,0x0,0x0,0x0
0x23 FlintReal,0x234,0x28f,0x23,0x4f,0x46,0x3,IceAffinity,0x24,14,11,6,4,0,5,(-1),6,1,NoRank,NoRank,NoRank,NoRank,NoRank,NoRank,NoRank,CRank,85,50,55,55,45,55,30,0x0,0x0,0x0,0x0,0x0,0x0,0x0,0x0,0x0,0x0,0x0
0x24 GeraldReal,0x236,0x291,0x24,0x7,0x45,0x3,DarkAffinity,0x28,13,5,3,(-7),(-3),1,4,1,3,NoRank,NoRank,NoRank,NoRank,NoRank,NoRank,NoRank,CRank,80,55,45,40,45,30,25,0x0,0x0,0x0,0x0,0x0,0x0,0x0,0x0,0x0,0x0,0x0
0x25 Noah,NoahName,NoahDesc,0x25,Warden,NoahMug,0x0,LightAffinity,0x27,6,10,7,0,0,4,(-1),7,3,CRank,CRank,NoRank,NoRank,NoRank,NoRank,NoRank,NoRank,125,65,50,10,75,30,40,0x0,0x0,0x0,0x0,0x0,0x0,0x0,0x0,0x0,0x0,0x0
0x26 Valerie,ValerieName,ValerieDesc,Valerie,Archer_F,ValerieMug,0x0,AnimaAffinity,0x29,5,8,3,2,8,1,3,3,(-1),NoRank,NoRank,NoRank,CRank + 15,NoRank,NoRank,NoRank,NoRank,105,65,60,65,25,25,35,0x0,0x0,0x0,0x0,0x0,IsFemale,0x0,0xa,0x0,0x0,0x0
0x27 Calista,CalistaName,CalistaDesc,Calista,Dragoon,CalistaMug,0x0,FireAffinity,0x26,20,15,7,11,2,18,9,(-4),3,BRank + 25,NoRank,NoRank,NoRank,NoRank,NoRank,NoRank,ARank + 50,70,35,55,35,50,30,5,0x0,0x0,0x0,0x0,0x0,IsFemale,0x0,0xa,0x0,0x0,0x0
0x28 AlonsoReal,AlonsoName,AlonsoDesc,AlonsoReal,Adventurer,AlonsoMug,0x0,DarkAffinity,0x2b,30,40,11,16,13,5,14,14,3,NoRank,NoRank,NoRank,SRank,BRank + 25,NoRank,NoRank,NoRank,110,40,50,50,20,40,40,0x0,0x0,0x0,0x0,0x0,0x0,0x0,0x0,0x0,0x0,0x0
0x29 ElodiaReal,ElodiaName,ElodiaDesc,ElodiaReal,Wolfrider,ElodiaMug,0x0,ThunderAffinity,0x2a,30,25,19,12,19,8,7,5,0,NoRank,BRank + 25,NoRank,NoRank,NoRank,NoRank,SRank,NoRank,85,60,40,60,30,20,25,0x0,0x0,0x0,0x0,0x0,0x0,0x0,0x0,0x0,0x0,0x0
0x2A QuispeReal,QuispeName,QuispeDesc,QuispeReal,MaligKnight,RebelLeaderMug,0x0,FireAffinity,0x2c,30,45,4,7,13,10,12,2,3,NoRank,NoRank,BRank + 25,NoRank,NoRank,SRank,NoRank,NoRank,125,30,30,40,40,30,15,0x0,0x0,0x0,0x0,0x0,0x0,0x0,0x0,0x0,0x0,0x0
0x2B Windy,WindyName,WindyDesc,Windy,SwordCav,WindyMug,0x0,WindAffinity,0x2e,5,11,(-4),0,6,9,4,12,(-2),CRank + 15,NoRank,NoRank,NoRank,NoRank,NoRank,NoRank,NoRank,110,20,50,75,50,30,65,0x0,0x0,0x0,0x0,0x0,IsFemale,0x0,0x0,0x0,0x0,0x0
0x2C Ruby,RubyName,RubyDesc,Ruby,Hero_F,RubyMug,0x0,ThunderAffinity,0x2d,18,9,8,4,8,8,3,5,(-1),ARank + 50,NoRank,CRank + 25,NoRank,NoRank,NoRank,NoRank,NoRank,75,50,40,50,45,15,30,0x0,0x0,0x0,0x0,0x0,IsFemale,0x0,0x0,0x0,0x0,0x0
0x2D Remora,RemoraName,RemoraDesc,Remora,Berserker_F,RemoraMug,0x0,ThunderAffinity,0x4f,16,23,4,8,8,(-1),10,3,1,NoRank,NoRank,ARank + 75,NoRank,NoRank,NoRank,NoRank,NoRank,120,50,40,55,15,40,25,0x0,0x0,0x0,0x0,0x0,IsFemale,0x0,0x0,0x0,0x0,0x0
0x2E Kurt,BurtName,BurtDesc,Kurt,Wolfrider,BurtMug,0x0,AnimaAffinity,0x0,15,10,10,8,10,10,6,(-7),2,NoRank,ARank,NoRank,NoRank,NoRank,NoRank,CRank + 25,NoRank,85,55,45,50,45,25,5,0x0,0x0,0x0,0x0,0x0,0x0,0x0,0x0,0x0,0x0,0x0
0x2F Theana,TheanaName,TheanaDesc,Theana,Assassin,TheanaMug,0x0,DarkAffinity,0x0,20,12,7,20,14,5,2,15,1,NoRank,NoRank,NoRank,ARank + 50,NoRank,NoRank,BRank,NoRank,65,40,75,70,20,30,55,0x0,0x0,0x0,0x0,0x0,IsFemale,0x0,0x0,0x0,0x0,0x0
0x30 Rima,RimaName,RimaDesc,Rima,AxeCav,RimaMug,0x0,FireAffinity,0x0,16,13,15,11,4,2,5,5,0,NoRank,NoRank,ARank,NoRank,NoRank,NoRank,NoRank,NoRank,85,70,50,30,30,20,30,0x0,0x0,0x0,0x0,0x0,IsFemale,0x0,0x0,0x0,0x0,0x0
0x31 Bolton,BoltonName,BoltonDesc,Bolton,DarkKnight,BoltonMug,0x0,WindAffinity,0x0,16,1,5,2,2,4,5,6,1,NoRank,CRank,NoRank,NoRank,NoRank,ARank + 50,NoRank,NoRank,45,35,35,35,30,30,30,0x0,0x0,0x0,0x0,0x0,0x0,0x0,0x0,0x0,0x0,0x0
0x32 Fidel,FidelName,FidelDesc,Fidel,Sage,FidelMug,0x0,ThunderAffinity,0x0,25,22,(-1),6,21,1,(-1),6,(-1),NoRank,NoRank,NoRank,NoRank,ARank + 75,BRank,NoRank,NoRank,75,10,35,70,15,25,35,0x0,0x0,0x0,0x0,0x0,0x0,0x0,0x0,0x0,0x0,0x0
0x33 IdaReal,IdaName,IdaDesc,IdaReal,Cataphract,IdaMug,0x0,ThunderAffinity,0x0,25,20,18,13,4,18,7,(-4),0,NoRank,BRank,ARank + 75,NoRank,NoRank,NoRank,NoRank,NoRank,90,65,50,25,65,20,5,0x0,0x0,0x0,0x0,0x0,0x0,0x0,0x0,0x0,0x0,0x0
0x34 Kaisa,KaisaName,KaisaDesc,Kaisa,GriffinRider,KaisaMug,0x0,ThunderAffinity,0x0,5,6,9,4,6,3,5,7,1,NoRank,CRank + 10,NoRank,NoRank,NoRank,NoRank,NoRank,NoRank,95,75,50,75,35,40,60,0x0,0x0,0x0,0x0,0x0,0x0,0x0,0x0,0x0,0x0,0x0
0x35 Florencia,FlorenciaName,FlorenciaName,Florencia,Halberdier,FlorenciaMug,0x0,ThunderAffinity,0x0,22,20,11,14,11,2,2,5,(-1),NoRank,SRank,NoRank,NoRank,NoRank,NoRank,NoRank,NoRank,105,50,60,50,30,20,20,0x0,0x0,0x0,0x0,0x0,0x0,0x0,0x0,0x0,0x0,0x0
0x36 Aristides,AristidesName,AristidesName,Aristides,Swordmaster,AristidesMug,0x0,ThunderAffinity,0x0,22,27,7,19,12,3,(-1),3,(-1),SRank,NoRank,NoRank,NoRank,NoRank,NoRank,NoRank,NoRank,95,40,75,60,20,10,30,0x0,0x0,0x0,0x0,0x0,0x0,0x0,0x0,0x0,0x0,0x0
0x37 -,0x267,0x0,0x37,0x41,0x0,0x0,DarkAffinity,0x0,0,0,0,0,0,0,0,0,0,NoRank,NoRank,NoRank,NoRank,NoRank,NoRank,NoRank,NoRank,85,50,10,10,10,15,30,0x0,0x0,0x0,0x0,0x0,0x0,0x0,0x0,0x0,0x0,0x0
0x38 YurenaReal,0x267,0x0,0x38,0x41,0x0,0x0,DarkAffinity,0x0,0,0,0,0,0,0,0,0,0,NoRank,NoRank,NoRank,NoRank,NoRank,NoRank,NoRank,NoRank,85,50,10,10,10,15,30,0x0,0x0,0x0,0x0,0x0,0x0,0x0,0x0,0x0,0x0,0x0
0x39 Arbitrator,ArbitratorName,ArbitratorDesc,0x39,Airship,0x0,0x3,DarkAffinity,0x0,20,0,0,0,0,0,0,0,0,NoRank,NoRank,NoRank,NoRank,NoRank,NoRank,NoRank,NoRank,85,50,50,50,50,50,50,0x0,0x0,0x0,0x0,0x0,0x0,0x0,0x0,0x0,0x0,0x0
0x3A Liberator,LiberatorName,LiberatorDesc,0x3a,Airship,0x0,0x3,DarkAffinity,0x0,20,0,0,0,0,0,0,0,0,NoRank,NoRank,NoRank,NoRank,NoRank,NoRank,NoRank,NoRank,85,50,50,50,50,50,50,0x0,0x0,0x0,0x0,0x0,0x0,0x0,0x0,0x0,0x0,0x0
0x3B Lyon's Summon,0x2f1,0x33d,0x3b,0x7,0x0,0x7,DarkAffinity,0x25,1,0,3,2,3,0,0,20,0,NoRank,NoRank,CRank,NoRank,NoRank,NoRank,NoRank,NoRank,0,60,45,30,0,0,60,0x0,0x0,0x0,0x0,0x0,0x0,0x0,0x0,0x0,0x0,0x0
0x3C <Summon>,0x26d,0x32e,0x3c,0x31,0x0,0x0,DarkAffinity,0x0,18,0,0,0,0,0,0,0,0,NoRank,NoRank,NoRank,NoRank,ERank,NoRank,NoRank,CRank,50,30,35,32,8,40,45,0x0,0x0,0x0,0x0,0x0,0x0,0x0,0x0,0x0,0x0,0x0
0x3D Summoned Kite,KiteName,KiteDesc,KiteSummon,Kite,0x0,0x5,DarkAffinity,0x0,9,0,0,0,0,0,0,0,0,NoRank,NoRank,NoRank,NoRank,NoRank,NoRank,NoRank,NoRank,50,30,35,32,8,40,45,0x0,0x0,0x0,0x0,0x0,0x0,0x0,0x0,0x0,0x0,0x0
0x3E Flint,FlintName,FlintDesc,Flint,Gunner,0x0,0x3,DarkAffinity,0x21,8,11,6,4,0,5,(-1),6,1,NoRank,NoRank,NoRank,NoRank,NoRank,NoRank,NoRank,CRank,85,40,60,40,30,5,40,0x0,0x0,0x0,0x0,0x0,0x0,0x0,0x0,0x0,0x0,0x0
0x3F Gerald,GeraldName,GeraldDesc,Gerald,Gunner,0x0,0x3,DarkAffinity,0x1a,3,5,3,(-7),(-3),1,4,1,3,NoRank,NoRank,BRank + 25,NoRank,NoRank,SRank,NoRank,NoRank,75,35,95,35,20,25,25,0x0,0x0,0x0,0x0,0x0,0x0,0x0,0x0,0x0,0x0,0x0
0x40 Quispe,QuispeName,QuispeDesc,Quispe,MaligKnight,RebelLeaderMug,0x0,IceAffinity,0x0,30,45,4,7,13,10,12,2,3,NoRank,NoRank,BRank + 25,NoRank,NoRank,SRank,NoRank,NoRank,125,30,30,40,40,30,15,0x0,0x0,0x0,0x0,0x0,0x0,0x0,0x0,0x0,0x0,0x0
0x41 Alonso,AlonsoName,AlonsoDesc,Alonso,Adventurer,AlonsoMug,0x1,WindAffinity,0x0,30,40,11,16,13,5,14,14,3,NoRank,NoRank,NoRank,SRank,BRank + 25,NoRank,NoRank,NoRank,110,40,50,50,20,40,40,0x0,0x0,0x0,0x0,0x0,0x0,0x0,0x0,0x0,0x0,0x0
0x42 Elodia,ElodiaName,ElodiaDesc,Elodia,Wolfrider,ElodiaMug,0x0,DarkAffinity,0x2a,30,25,19,12,19,8,7,5,0,NoRank,BRank + 25,NoRank,NoRank,NoRank,NoRank,SRank,NoRank,85,60,40,60,30,20,25,0x0,0x0,0x0,0x0,0x0,IsFemale,0x0,0x0,0x0,0x0,0x0
0x43 Triana,TrianaName,TrianaDesc,Triana,Shaman_F,TrianaMug,0x0,IceAffinity,0x0,4,1,3,3,3,0,(-3),0,(-1),NoRank,NoRank,NoRank,NoRank,NoRank,CRank,NoRank,NoRank,85,45,45,40,40,10,15,0x0,0x0,0x0,0x0,0x0,IsFemale,0x0,0x0,0x0,0x0,0x0
0x44 Medwyn,MedwynName,MedwynDesc,Medwyn,Warden,MedwynMug,0x0,ThunderAffinity,0x0,5,2,4,1,2,1,3,1,1,CRank + 10,DRank + 15,NoRank,NoRank,NoRank,NoRank,NoRank,NoRank,95,55,60,20,65,50,15,0x0,0x0,0x0,0x0,0x0,0x0,0x0,0x0,0x0,0x0,0x0
0x45 Bartz,BartzName,BartzDesc,Bartz,Deserter,BartzMug,0x0,IceAffinity,0x0,6,(-2),(-1),7,5,3,(-1),2,2,NoRank,CRank + 25,NoRank,NoRank,NoRank,NoRank,NoRank,NoRank,75,45,60,60,35,5,30,0x0,0x0,0x0,0x0,0x0,0x0,0x0,0x0,0x0,0x0,0x0
0x46 Khazhak,KhazhakName,KhazhakDesc,Khazhak,Fighter,KhazhakMug,0x0,ThunderAffinity,0x0,5,5,3,3,3,3,0,4,1,NoRank,NoRank,CRank,NoRank,NoRank,NoRank,NoRank,NoRank,125,70,50,40,40,10,25,0x0,0x0,0x0,0x0,0x0,IsBoss,0x0,0x0,0x0,0x0,0x0
0x47 Blackheart,BlackheartName,BlackheartDesc,Blackheart,0x41,0x0,0x6,IceAffinity,0x0,1,0,0,0,0,0,0,0,0,NoRank,NoRank,NoRank,NoRank,NoRank,NoRank,NoRank,NoRank,85,50,10,10,10,15,30,0x0,0x0,0x0,0x0,0x0,0x0,0x0,0x0,0x0,0x0,0x0
0x48 Buzu,BuzuName,GuardhelmDesc,Buzu,Vanguard,BuzuMug,0x0,FireAffinity,0x0,5,5,2,2,1,3,0,1,0,NoRank,CRank,CRank,NoRank,NoRank,NoRank,NoRank,NoRank,115,60,55,25,65,10,30,0x0,0x0,0x0,0x0,0x0,IsBoss,0x0,0x0,0x0,0x0,0x0
0x49 Bozo,BozoName,GuardhelmDesc,Bozo,Warden,BozoMug,0x0,DarkAffinity,0x0,5,4,2,3,1,3,2,1,1,BRank,DRank,NoRank,NoRank,NoRank,NoRank,NoRank,NoRank,105,45,65,15,75,45,15,0x0,0x0,0x0,0x0,0x0,IsBoss,0x0,0x0,0x0,0x0,0x0
0x4A Geraldo,GeraldoName,GeraldoDesc,Geraldo,Mercenary,GeraldoMug,0x0,AnimaAffinity,0x0,7,11,8,3,3,0,3,1,1,BRank,NoRank,NoRank,NoRank,NoRank,NoRank,NoRank,NoRank,115,70,50,50,30,20,25,0x0,0x0,0x0,0x0,0x0,IsBoss,0x0,0x0,0x0,0x0,0x0
0x4B Yurena,YurenaName,YurenaDesc,Yurena,Champion,YurenaMug,0x0,DarkAffinity,0x0,20,30,30,30,30,30,30,30,0,SRank,SRank,NoRank,NoRank,NoRank,NoRank,NoRank,NoRank,85,50,10,10,10,15,30,0x0,0x0,0x0,0x0,0x0,IsBoss|IsFemale,0x0,0x0,0x0,0x0,0x0
0x4C Sanz,SanzName,SanzDesc,Sanz,Sage,SanzMug,0x0,IceAffinity,0x0,22,40,(-4),12,8,8,8,17,2,NoRank,NoRank,NoRank,NoRank,ARank,SRank,NoRank,NoRank,120,5,50,45,30,45,60,0x0,0x0,0x0,0x0,0x0,IsBoss,0x0,0x0,0x0,0x0,0x0
0x4D Contractor,ContractorName,ContractorDesc,Contractor,Myrmidon,0x0,0x6,NoAffinity,0x0,1,0,0,0,0,0,0,0,0,NoRank,NoRank,NoRank,NoRank,NoRank,NoRank,NoRank,NoRank,85,50,10,10,10,15,30,0x0,0x0,0x0,0x0,0x0,0x0,0x0,0x0,0x0,0x0,0x0
0x4E Sentinel,SentinelName,SentinelDesc,Sentinel,Soldier,0x0,0x6,NoAffinity,0x0,1,0,0,0,0,0,0,0,0,NoRank,NoRank,NoRank,NoRank,NoRank,NoRank,NoRank,NoRank,85,50,10,10,10,15,30,0x0,0x0,0x0,0x0,0x0,0x0,0x0,0x0,0x0,0x0,0x0
0x4F,0x200,0x200,0x4f,0x41,0x0,0x0,NoAffinity,0x0,3,(-3),0,0,0,0,0,0,0,NoRank,NoRank,NoRank,NoRank,CRank,BRank,CRank,NoRank,85,50,25,35,15,15,30,0x0,0x0,0x0,0x0,0x0,0x0,0x0,0x0,0x0,0x0,0x0
0x50 Slicer,SlicerName,SlicerDesc,Slicer,Thief,SlicerMug,0x0,DarkAffinity,0x0,6,8,3,2,3,4,5,3,2,NoRank,NoRank,BRank,NoRank,NoRank,NoRank,NoRank,NoRank,100,50,40,60,40,35,45,0x0,0x0,0x0,0x0,0x0,IsBoss,0x0,0x0,0x0,0x0,0x0
0x51 Dicer,DicerName,SlicerDesc,Dicer,Mercenary,DicerMug,0x0,AnimaAffinity,0x0,6,11,5,3,3,2,4,0,1,BRank,NoRank,NoRank,NoRank,NoRank,NoRank,NoRank,NoRank,120,60,50,50,40,25,25,0x0,0x0,0x0,0x0,0x0,IsBoss,0x0,0x0,0x0,0x0,0x0
0x52 Santiago,SantiagoName,SantiagoDesc,Santiago,Gunner,SantiagoMug,0x0,FireAffinity,0x0,8,11,8,2,4,5,0,1,4,NoRank,NoRank,NoRank,NoRank,NoRank,NoRank,NoRank,BRank,90,30,60,45,30,10,20,0x0,0x0,0x0,0x0,0x0,IsBoss,0x0,0x0,0x0,0x0,0x0
0x53 Felipe,FelipeName,FelipeDesc,Felipe,Soldier,FelipeMug,0x0,FireAffinity,0x0,4,0,0,5,0,0,1,3,0,NoRank,CRank,NoRank,NoRank,NoRank,NoRank,NoRank,NoRank,100,40,70,40,40,25,25,0x0,0x0,0x0,0x0,0x0,IsBoss,0x0,0x0,0x0,0x0,0x0
0x54 Incendivis,IncendivisName,IncendivisDesc,Incendivis,Soldier,0x0,0x6,LightAffinity,0x0,1,0,0,0,0,0,0,0,0,NoRank,NoRank,NoRank,NoRank,NoRank,NoRank,NoRank,NoRank,85,50,10,10,10,15,30,0x0,0x0,0x0,0x0,0x0,0x0,0x0,0x0,0x0,0x0,0x0
0x55 Rebel,RebelName,RebelDesc,Rebel,Deserter,0x0,0x6,AnimaAffinity,0x0,1,0,0,0,0,0,0,0,0,NoRank,NoRank,NoRank,NoRank,NoRank,NoRank,NoRank,NoRank,85,50,10,10,10,15,30,0x0,0x0,0x0,0x0,0x0,0x0,0x0,0x0,0x0,0x0,0x0
0x56 Sierra,SierraName,SierraDesc,Sierra,Vanguard,0x37,0x0,LightAffinity,0x0,6,6,4,5,4,3,(-1),3,1,NoRank,CRank,CRank,NoRank,NoRank,NoRank,NoRank,NoRank,115,65,65,35,65,5,35,0x0,0x0,0x0,0x0,0x0,IsBoss|IsFemale,0x0,0x0,0x0,0x0,0x0
0x57 Bomb,BombName,BombDesc,Bomb,0x2b,0x0,0x6,DarkAffinity,0x0,1,0,0,0,0,0,0,0,0,NoRank,NoRank,NoRank,NoRank,NoRank,NoRank,NoRank,NoRank,75,45,50,40,20,45,15,0x0,0x0,0x0,0x0,0x0,IsBoss|GiveNoExp,0x0,0x0,0x0,0x0,0x0
0x58 Log,A3LogName,A3LogDesc,A3Log,Log,0x0,0x3,NoAffinity,0x0,1,0,0,0,0,0,0,0,0,NoRank,NoRank,NoRank,NoRank,NoRank,NoRank,NoRank,NoRank,85,50,10,10,10,15,30,0x0,0x0,0x0,0x0,0x0,0x0,0x0,0x0,0x0,0x0,0x0
0x59 -,0x267,0x0,0x59,0x41,0x0,0x6,NoAffinity,0x0,1,0,0,0,0,0,0,0,2,NoRank,NoRank,NoRank,NoRank,NoRank,NoRank,NoRank,NoRank,85,50,10,10,10,15,30,0x0,0x0,0x0,0x0,0x0,0x0,0x0,0x0,0x0,0x0,0x0
0x5A Gunsmith,GunsmithName,GunsmithDesc,Gunsmith,0x40,0x3d,0x6,ThunderAffinity,0x0,1,0,0,0,0,0,0,0,5,NoRank,NoRank,NoRank,NoRank,NoRank,NoRank,NoRank,NoRank,85,50,10,10,10,15,30,0x0,0x0,0x0,0x0,0x0,0x0,0x0,0x0,0x0,0x0,0x0
0x5B Sagargala,SargargalaName,SargargalaDesc,Sargargala,Warden,SargargalaMug,0x0,IceAffinity,0x0,7,13,3,3,4,5,4,2,0,DRank,CRank,NoRank,NoRank,NoRank,NoRank,NoRank,NoRank,130,45,60,25,75,50,20,0x0,0x0,0x0,0x0,0x0,IsBoss,0x0,0x0,0x0,0x0,0x0
0x5C Log Pirate,LogPirateName,LogPirateDesc,LogPirate,0x41,0x0,0x4,DarkAffinity,0x0,1,0,0,0,0,0,0,0,0,NoRank,NoRank,NoRank,NoRank,NoRank,NoRank,NoRank,NoRank,85,50,35,35,25,15,30,0x0,0x0,0x0,0x0,0x0,0x0,0x0,0x0,0x0,0x0,0x0
0x5D Wight (Ch 11A),0x255,0x2b1,0x5d,0x56,0x0,0x4,DarkAffinity,0x0,8,15,5,10,7,4,7,1,0,NoRank,NoRank,NoRank,NoRank,NoRank,NoRank,NoRank,NoRank,85,50,10,10,10,15,30,0x0,0x0,0x0,0x0,0x0,IsBoss,0x0,0x0,0x0,0x0,0x0
0x5E Big Brick,BigBrickName,BigBrickDesc,BigBrick,Fighter,BigBrickMug,0x6,LightAffinity,0x0,8,16,2,7,1,1,6,6,8,NoRank,NoRank,CRank,NoRank,NoRank,NoRank,NoRank,NoRank,150,60,60,30,30,30,30,0x0,0x0,0x0,0x0,0x0,IsBoss,0x0,0x0,0x0,0x0,0x0
0x5F Hakman,HakmanName,HakmanDesc,Hakman,Myrmidon,HakmanMug,0x6,FireAffinity,0x0,5,3,2,2,2,1,1,2,1,CRank,NoRank,NoRank,NoRank,NoRank,NoRank,NoRank,NoRank,75,40,60,60,20,20,40,0x0,0x0,0x0,0x0,0x0,IsBoss,0x0,0x0,0x0,0x0,0x0
0x60 MrMist,MrMistName,MrMistDesc,MrMist,Mage,MrMistMug,0x6,IceAffinity,0x0,6,4,1,2,2,1,2,2,0,NoRank,NoRank,NoRank,NoRank,NoRank,CRank,NoRank,NoRank,75,25,45,45,25,45,30,0x0,0x0,0x0,0x0,0x0,IsBoss,0x0,0x0,0x0,0x0,0x0
0x61 Yaoguai,YaoguaiName,YaoguaiDesc,Yaoguai,Ninja,YaoguaiMug,0x6,DarkAffinity,0x0,6,4,2,3,4,1,2,3,0,NoRank,NoRank,NoRank,NoRank,NoRank,NoRank,ARank,NoRank,75,30,50,70,20,40,50,0x0,0x0,0x0,0x0,0x0,IsBoss,0x0,0x0,0x0,0x0,0x0
0x62 TheDuke,TheDukeName,TheDukeDesc,TheDuke,Archer,0x0,0x6,WindAffinity,0x0,4,3,2,2,1,1,0,1,0,NoRank,NoRank,NoRank,CRank,NoRank,NoRank,NoRank,NoRank,85,65,60,40,25,15,25,0x0,0x0,0x0,0x0,0x0,IsBoss,0x0,0x0,0x0,0x0,0x0
0x63 TheDukes,TheDukesName,TheDukesDesc,TheDukes,0x41,0x0,0x6,NoAffinity,0x0,1,0,0,0,0,0,0,0,0,NoRank,NoRank,NoRank,NoRank,NoRank,NoRank,NoRank,NoRank,85,50,10,10,10,15,30,0x0,0x0,0x0,0x0,0x0,0x0,0x0,0x0,0x0,0x0,0x0
0x64 Guard,GuardName,GuardDesc,Guard,0x42,0x0,0x6,NoAffinity,0x0,1,0,0,0,0,0,0,0,0,NoRank,NoRank,NoRank,NoRank,NoRank,NoRank,NoRank,NoRank,85,50,10,10,10,15,30,0x0,0x0,0x0,0x0,0x0,0x0,0x0,0x0,0x0,0x0,0x0
0x65 Jozef,JozefName,JozefDesc,Jozef,Gunner,JozefMug,0x0,AnimaAffinity,0x0,10,10,4,9,6,6,4,7,2,NoRank,NoRank,NoRank,NoRank,NoRank,NoRank,NoRank,SRank,60,20,30,35,15,15,25,0x0,0x0,0x0,0x0,0x0,IsBoss,0x0,0x0,0x0,0x0,0x0
0x66 TheCloser,TheCloserName,TheCloserDesc,TheCloser,Warrior,TheCloserMug,0x0,ThunderAffinity,0x0,20,24,13,10,6,6,10,8,6,NoRank,NoRank,SRank,ARank,NoRank,NoRank,NoRank,NoRank,125,70,50,35,35,30,25,0x0,0x0,0x0,0x0,0x0,IsBoss,0x0,0x0,0x0,0x0,0x0
0x67 BrickBoys,BrickBoysName,BrickBoysDesc,BrickBoys,0x41,0x0,0x6,NoAffinity,0x0,1,0,0,0,0,0,0,0,0,NoRank,NoRank,NoRank,NoRank,NoRank,NoRank,NoRank,NoRank,60,20,30,35,15,15,25,0x0,0x0,0x0,0x0,0x0,0x0,0x0,0x0,0x0,0x0,0x0
0x68 Rochefort,RochefortName,RochefortDesc,Rochefort,Gunner,RochefortMug,0x0,FireAffinity,0x0,1,0,(-1),(-3),(-3),0,0,0,0,NoRank,NoRank,NoRank,NoRank,NoRank,NoRank,NoRank,CRank,85,50,10,10,10,15,30,0x0,0x0,0x0,0x0,0x0,0x0,0x0,0x0,0x0,0x0,0x0
0x69 A6 Pirate,A6PirateName,BlackheartDesc,A6Pirate,0x21,0x0,0x6,WindAffinity,0x0,1,0,0,0,0,0,0,0,0,NoRank,NoRank,NoRank,NoRank,NoRank,NoRank,NoRank,NoRank,85,50,10,10,10,15,30,0x0,0x0,0x0,0x0,0x0,0x0,0x0,0x0,0x0,0x0,0x0
0x6A Razorblood,RazorbloodName,RazorbloodDesc,Razorblood,Brigand,0x0,0x6,NoAffinity,0x0,1,0,0,0,0,0,0,0,0,NoRank,NoRank,NoRank,NoRank,NoRank,NoRank,NoRank,NoRank,75,45,50,40,20,45,15,0x0,0x0,0x0,0x0,0x0,0x0,0x0,0x0,0x0,0x0,0x0
0x6B Stingray,StingrayName,StingrayDesc,Stingray,Deserter,StingrayMug,0x0,IceAffinity,0x0,5,4,4,2,3,4,(-1),4,1,NoRank,CRank,NoRank,NoRank,NoRank,NoRank,NoRank,NoRank,105,65,40,55,40,5,40,0x0,0x0,0x0,0x0,0x0,IsBoss,0x0,0x0,0x0,0x0,0x0
0x6C Ramiro,RamiroName,RamiroDesc,Ramiro,SwordCav,RamiroMug,0x0,ThunderAffinity,0x0,5,4,(-4),2,2,4,4,6,4,BRank,NoRank,NoRank,NoRank,NoRank,NoRank,NoRank,NoRank,80,20,60,60,30,30,40,0x0,0x0,0x0,0x0,0x0,IsBoss,0x0,0x0,0x0,0x0,0x0
0x6D Manfred,ManfredName,ManfredDesc,Manfred,Mercenary,ManfredMug,0x0,FireAffinity,0x0,5,5,4,4,4,0,0,0,2,CRank,NoRank,NoRank,NoRank,NoRank,NoRank,NoRank,NoRank,100,60,60,60,35,5,25,0x0,0x0,0x0,0x0,0x0,IsBoss,0x0,0x0,0x0,0x0,0x0
0x6E CrimsonHeart,CrimsonHeartName,CrimsonHeartDesc,CrimsonHeart,Mercenary,0x0,0x6,LightAffinity,0x0,1,0,0,0,0,0,0,0,0,NoRank,NoRank,NoRank,NoRank,NoRank,NoRank,NoRank,NoRank,85,50,10,10,10,15,30,0x0,0x0,0x0,0x0,0x0,0x0,0x0,0x0,0x0,0x0,0x0
0x6F TorchUnit,TorchUnitName,TorchUnitDesc,TorchUnit,0x41,0x0,0x6,NoAffinity,0x0,1,0,0,0,0,0,0,0,0,NoRank,NoRank,NoRank,NoRank,NoRank,NoRank,NoRank,NoRank,60,20,30,35,15,15,25,0x0,0x0,0x0,0x0,0x0,0x0,0x0,0x0,0x0,0x0,0x0
0x70 Igniswords,IgniswordsName,IgniswordsDesc,Igniswords,0x41,0x0,0x6,NoAffinity,0x0,1,0,0,0,0,0,0,0,0,NoRank,NoRank,NoRank,NoRank,NoRank,NoRank,NoRank,NoRank,60,20,30,35,15,15,25,0x0,0x0,0x0,0x0,0x0,0x0,0x0,0x0,0x0,0x0,0x0
0x71 Ignacio,IgnacioName,IgnacioDesc,Ignacio,Runeshield,IgnacioMug,0x0,NoAffinity,0x0,10,17,3,4,5,2,9,5,0,CRank,CRank,NoRank,NoRank,NoRank,BRank,NoRank,NoRank,120,40,50,25,60,50,25,0x0,0x0,0x0,0x0,0x0,IsBoss,0x0,0x0,0x0,0x0,0x0
0x72 TorchUnit2,TorchUnitName,TorchUnitDesc,TorchUnit2,0x41,0x0,0x6,NoAffinity,0x0,1,0,0,0,0,0,0,0,0,NoRank,NoRank,NoRank,NoRank,NoRank,NoRank,NoRank,NoRank,60,20,30,35,15,15,25,0x0,0x0,0x0,0x0,0x0,0x0,0x0,0x0,0x0,0x0,0x0
0x73 Hugo,HugoName,HugoDesc,Hugo,Hero,HugoMug,0x0,NoAffinity,0x0,12,17,9,7,7,3,(-1),3,0,BRank,NoRank,NoRank,NoRank,NoRank,NoRank,NoRank,NoRank,110,60,55,55,40,5,30,0x0,0x0,0x0,0x0,0x0,IsBoss,0x0,0x0,0x0,0x0,0x0
0x74 Juliana,JulianaName,JulianaDesc,Juliana,Sage_F,JulianaMug,0x0,NoAffinity,0x0,12,10,(-4),12,3,(-2),7,3,0,NoRank,NoRank,NoRank,NoRank,NoRank,BRank,NoRank,NoRank,70,5,65,45,10,55,40,0x0,0x0,0x0,0x0,0x0,IsBoss,0x0,0x0,0x0,0x0,0x0
0x75 ElodiaChapter2,ElodiaName,ElodiaEnemyDesc,ElodiaBoss,Wolfrider,ElodiaMug,0x0,DarkAffinity,0x0,25,21,16,10,16,7,6,3,2,NoRank,BRank,NoRank,NoRank,NoRank,NoRank,ARank,NoRank,85,60,40,60,30,20,25,0x0,0x0,0x0,0x0,0x0,IsBoss|IsFemale,0x0,0x0,0x0,0x0,0x0
0x76 Ida,IdaName,IdaDesc,Ida,Cataphract,IdaMug,0x0,IceAffinity,0x0,20,20,10,5,5,8,1,5,3,NoRank,BRank,BRank,NoRank,NoRank,NoRank,NoRank,NoRank,60,20,30,35,15,15,25,0x0,0x0,0x0,0x0,0x0,0x0,0x0,0x0,0x0,0x0,0x0
0x77 Docksman,DocksmanName,DocksmanDesc,Docksman,Soldier,0x0,0x3,NoAffinity,0x0,3,0,0,0,0,0,0,0,0,NoRank,NoRank,NoRank,NoRank,NoRank,NoRank,NoRank,NoRank,60,20,30,35,15,15,25,0x0,0x0,0x0,0x0,0x0,0x0,0x0,0x0,0x0,0x0,0x0
0x78 A4FunnyArcher,RazorbloodName,RazorbloodDesc,A4FunnyArcher,Brigand,0x0,0x6,NoAffinity,0x0,1,0,0,0,0,0,0,0,0,NoRank,NoRank,NoRank,NoRank,NoRank,NoRank,NoRank,NoRank,75,45,50,40,20,45,15,0x0,0x0,0x0,0x0,0x0,0x0,0x0,0x0,0x0,0x0,0x0
0x79 Antlion,AntlionName,AntlionDesc,Antlion,0x41,0x0,0x4,NoAffinity,0x0,0,0,0,0,0,0,0,0,0,NoRank,NoRank,NoRank,NoRank,NoRank,NoRank,NoRank,NoRank,60,20,30,35,15,15,25,0x0,0x0,0x0,0x0,0x0,0x0,0x0,0x0,0x0,0x0,0x0
0x7A Kiril,KirilName,KirilDesc,Kiril,MasterNinja,KirilMug,0x0,DarkAffinity,0x0,13,11,5,7,10,0,2,15,0,CRank,NoRank,NoRank,NoRank,NoRank,NoRank,BRank,NoRank,75,35,55,75,15,35,75,0x0,0x0,0x0,0x0,0x0,IsBoss,0x0,0x0,0x0,0x0,0x0
0x7B Dalila,DalilaName,DalilaDesc,Dalila,Assassin_F,DalilaMug,0x0,LightAffinity,0x0,18,12,6,12,12,7,8,14,2,NoRank,NoRank,NoRank,ARank,NoRank,NoRank,BRank,NoRank,70,40,60,70,25,45,55,0x0,0x0,0x0,0x0,0x0,IsBoss,0x0,0x0,0x0,0x0,0x0
0x7C AlonsoChapter3,AlonsoName,AlonsoEnemyDesc,AlonsoChapter3,Adventurer,AlonsoMug,0x0,DarkAffinity,0x0,20,29,7,11,8,3,10,10,3,NoRank,NoRank,NoRank,ARank,BRank,NoRank,NoRank,NoRank,80,40,50,60,20,30,35,0x0,0x0,0x0,0x0,0x0,IsBoss,0x0,0x0,0x0,0x0,0x0
0x7D BlackheartElite,BlackheartEliteName,BlackheartEliteDesc,BlackheartElite,Sniper,0x0,0x6,NoAffinity,0x0,0,0,0,0,0,0,0,0,0,NoRank,NoRank,NoRank,NoRank,NoRank,NoRank,NoRank,NoRank,60,20,30,35,15,15,25,0x0,0x0,0x0,0x0,0x0,0x0,0x0,0x0,0x0,0x0,0x0
0x7E BlackheartPlus,BlackheartPlusName,BlackheartPlusDesc,BlackheartPlus,0x41,0x0,0x6,NoAffinity,0x0,0,0,0,0,0,0,0,0,0,NoRank,NoRank,NoRank,NoRank,NoRank,NoRank,NoRank,NoRank,60,20,30,35,15,15,25,0x0,0x0,0x0,0x0,0x0,0x0,0x0,0x0,0x0,0x0,0x0
0x7F - Keeper,0x24d,0x2a9,0x7f,0x5,0x0,0x3,NoAffinity,0x0,1,3,2,1,2,2,0,1,0,NoRank,NoRank,NoRank,NoRank,NoRank,NoRank,NoRank,NoRank,60,20,30,35,15,15,25,0x0,0x0,0x0,0x0,0x0,0x0,0x0,0x0,0x0,0x0,0x0
0x80 Grado Soldier (Main),0x24d,0x2a9,0x80,0x3f,0x0,0x3,NoAffinity,0x0,1,0,0,0,0,0,0,0,0,NoRank,NoRank,NoRank,NoRank,NoRank,NoRank,NoRank,NoRank,60,20,30,35,15,15,25,0x0,0x0,0x0,0x0,0x0,0x0,0x0,0x0,0x0,0x0,0x0
0x81 - Horse,HorseUnitName,HorseUnitDesc,HorseUnit,HorseClass,0x0,0x3,NoAffinity,0x0,1,0,0,0,0,0,0,0,0,NoRank,NoRank,NoRank,NoRank,NoRank,NoRank,NoRank,NoRank,60,20,30,35,15,15,25,0x0,0x0,0x0,0x0,0x0,0x0,0x0,0x0,0x0,0x0,0x0
0x82 - C2BerserkerThatGetsShot,BlackheartPlusName,BlackheartPlusDesc,BerserkerThatDiesC2,0x41,0x0,0x6,NoAffinity,0x0,0,(-9),0,0,0,(-7),0,0,0,NoRank,NoRank,NoRank,NoRank,NoRank,NoRank,NoRank,NoRank,60,20,30,35,15,15,25,0x0,0x0,0x0,0x0,0x0,0x0,0x0,0x0,0x0,0x0,0x0
0x83 Explorer,ExplorerName,ExplorerDesc,Explorer,Myrmidon,0x0,0x3,NoAffinity,0x0,1,0,0,0,0,0,0,0,0,NoRank,NoRank,NoRank,NoRank,NoRank,NoRank,NoRank,NoRank,60,20,30,35,15,15,25,0x0,0x0,0x0,0x0,0x0,0x0,0x0,0x0,0x0,0x0,0x0
0x84 Armorer,ArmorerName,ArmorerDesc,Armorer,0x9,0x0,0x3,NoAffinity,0x0,1,0,0,0,0,0,0,0,0,NoRank,NoRank,NoRank,NoRank,NoRank,NoRank,NoRank,NoRank,60,20,30,35,15,15,25,0x0,0x0,0x0,0x0,0x0,0x0,0x0,0x0,0x0,0x0,0x0
0x85 Skyfisher,SkyfisherName,SkyfisherDesc,Skyfisher,0x5,0x0,0x3,NoAffinity,0x0,1,0,0,0,0,0,0,0,0,NoRank,NoRank,NoRank,NoRank,NoRank,NoRank,NoRank,NoRank,60,20,30,35,15,15,25,0x0,0x0,0x0,0x0,0x0,0x0,0x0,0x0,0x0,0x0,0x0
0x86 Woodsman,WoodsmanName,WoodsmanDesc,Woodsman,Hunter,0x0,0x3,NoAffinity,0x0,1,0,0,0,0,0,0,0,0,NoRank,NoRank,NoRank,NoRank,NoRank,NoRank,NoRank,NoRank,60,20,30,35,15,15,25,0x0,0x0,0x0,0x0,0x0,0x0,0x0,0x0,0x0,0x0,0x0
0x87 Runamel,RunamelName,RunamelDesc,Runamel,Hero,RunamelMug,0x0,NoAffinity,0x0,22,35,10,15,12,10,11,13,3,ARank,NoRank,BRank,NoRank,NoRank,NoRank,NoRank,NoRank,125,50,60,55,45,30,45,0x0,0x0,0x0,0x0,0x0,0x0,0x0,0x0,0x0,0x0,0x0
0x88 Jasper,JasperName,JasperDesc,0x88,0xd,JasperMug,0x0,NoAffinity,0x0,20,25,14,13,9,8,7,7,0,NoRank,NoRank,ARank,NoRank,NoRank,NoRank,NoRank,NoRank,100,60,50,40,45,25,35,0x0,0x0,0x0,0x0,0x0,IsBoss,0x0,0x0,0x0,0x0,0x0
0x89 C3 Runaway,HubC_3RunawayName,HubC_3RunawayDesc,C3Pirate,0x0,0x0,0x6,NoAffinity,0x0,0,0,0,0,0,0,0,0,0,NoRank,NoRank,NoRank,NoRank,NoRank,NoRank,NoRank,NoRank,35,55,25,65,35,15,0x0,0x0,0x0,0x0,0x0,0x0,0x0,0x0,0x0,0x0,0x0,0x0
0x8A Phantom,C4PhantomName,C4PhantomDesc,C4Phantom,0x44,0x0,0x3,NoAffinity,0x0,1,0,0,0,0,0,0,0,0,NoRank,NoRank,NoRank,NoRank,NoRank,NoRank,NoRank,NoRank,60,20,30,35,15,15,25,0x0,0x0,0x0,0x0,0x0,0x0,0x0,0x0,0x0,0x0,0x0
0x8B Phantom Elite,C4PhantomName,C4PhantomDesc,C4Elite,0x2d,0x0,0x3,NoAffinity,0x0,1,0,0,0,0,0,0,0,0,NoRank,NoRank,NoRank,NoRank,NoRank,NoRank,NoRank,NoRank,60,20,30,35,15,15,25,0x0,0x0,0x0,0x0,0x0,0x0,0x0,0x0,0x0,0x0,0x0
0x8C Grado,0x24d,0x2a9,0x8c,0x4b,0x0,0x3,NoAffinity,0x0,1,0,0,0,0,0,0,0,0,NoRank,NoRank,NoRank,NoRank,NoRank,NoRank,NoRank,NoRank,60,20,30,35,15,15,25,0x0,0x0,0x0,0x0,0x0,IsFemale,0x0,0x0,0x0,0x0,0x0
0x8D Grado Remnant (Main),0x24e,0x2aa,0x8d,0x9,0x0,0x3,NoAffinity,0x0,1,0,0,0,0,0,0,0,0,NoRank,NoRank,NoRank,NoRank,NoRank,NoRank,NoRank,NoRank,60,20,30,35,15,15,25,0x0,0x0,0x0,0x0,0x0,0x0,0x0,0x0,0x0,0x0,0x0
0x8E Cutthroat,0x254,0x2ae,0x8e,0x41,0x0,0x6,NoAffinity,0x0,1,0,0,0,0,0,0,0,0,NoRank,NoRank,NoRank,NoRank,NoRank,NoRank,NoRank,NoRank,60,20,30,35,15,15,25,0x0,0x0,0x0,0x0,0x0,0x0,0x0,0x0,0x0,0x0,0x0
0x8F Grado Remnant (Cutscene/C16),0x24e,0x2aa,0x8f,0x5,0x0,0x3,NoAffinity,0x0,1,0,0,0,0,0,0,0,0,NoRank,NoRank,NoRank,NoRank,NoRank,NoRank,NoRank,NoRank,60,20,30,35,15,15,25,0x0,0x0,0x0,0x0,0x0,0x0,0x0,0x0,0x0,0x0,0x0
0x90 Grado Remnant (C16),0x24e,0x2aa,0x90,0x2d,0x0,0x3,NoAffinity,0x0,1,0,0,0,0,0,0,0,0,NoRank,NoRank,NoRank,NoRank,NoRank,NoRank,NoRank,NoRank,60,20,30,35,15,15,25,0x0,0x0,0x0,0x0,0x0,0x0,0x0,0x0,0x0,0x0,0x0
0x91 Grado Remnant (C16),0x24e,0x2aa,0x91,0x25,0x0,0x3,NoAffinity,0x0,1,0,0,0,0,0,0,0,0,NoRank,NoRank,NoRank,NoRank,NoRank,NoRank,NoRank,NoRank,60,20,30,35,15,15,25,0x0,0x0,0x0,0x0,0x0,0x0,0x0,0x0,0x0,0x0,0x0
0x92 Wraith (Sage),0x267,0x0,0x92,0x41,0x0,0x3,NoAffinity,0x0,0,0,0,0,0,0,0,0,0,NoRank,NoRank,NoRank,NoRank,NoRank,NoRank,NoRank,NoRank,0,0,0,0,0,0,0,0x0,0x0,0x0,0x0,0x0,0x0,0x0,0x0,0x0,0x0,0x0
0x93 Wraith (Swords),0x267,0x0,0x93,0x41,0x0,0x3,NoAffinity,0x0,0,0,0,0,0,0,0,0,0,NoRank,NoRank,NoRank,NoRank,NoRank,NoRank,NoRank,NoRank,0,0,0,0,0,0,0,0x0,0x0,0x0,0x0,0x0,0x0,0x0,0x0,0x0,0x0,0x0
0x94 Wraith (Axes),0x267,0x0,0x94,0x41,0x0,0x3,NoAffinity,0x0,0,0,0,0,0,0,0,0,0,NoRank,NoRank,NoRank,NoRank,NoRank,NoRank,NoRank,NoRank,0,0,0,0,0,0,0,0x0,0x0,0x0,0x0,0x0,0x0,0x0,0x0,0x0,0x0,0x0
0x95 Keeper (C2),KeeperName,KeeperC2Desc,KeeperC2,0x41,0x0,0x6,NoAffinity,0x0,0,0,0,0,0,0,0,0,0,NoRank,NoRank,NoRank,NoRank,NoRank,NoRank,NoRank,NoRank,0,0,0,0,0,0,0,0x0,0x0,0x0,0x0,0x0,0x0,0x0,0x0,0x0,0x0,0x0
0x96 Keeper (C4),KeeperName,KeeperDesc,KeeperC4,0x41,0x0,0x6,NoAffinity,0x0,0,0,0,0,0,0,0,0,0,NoRank,NoRank,NoRank,NoRank,NoRank,NoRank,NoRank,NoRank,0,0,0,0,0,0,0,0x0,0x0,0x0,0x0,0x0,0x0,0x0,0x0,0x0,0x0,0x0
0x97 D3Incendivis,D3IncendivisName,D3IncendivisDesc,D3Incendivis,0x41,0x0,0x3,NoAffinity,0x0,1,0,0,0,0,0,0,0,0,NoRank,NoRank,NoRank,NoRank,NoRank,NoRank,NoRank,NoRank,0,0,0,0,0,0,0,0x0,0x0,0x0,0x0,0x0,0x0,0x0,0x0,0x0,0x0,0x0
0x98 D3TorchBoss,D3TorchBossName,D3TorchBossDesc,D3TorchBoss,General,D3TorchBossMug,0x0,NoAffinity,0x0,25,38,12,9,8,22,16,(-2),3,BRank,ARank,BRank,NoRank,NoRank,NoRank,NoRank,NoRank,125,50,40,25,75,50,5,0x0,0x0,0x0,0x0,0x0,IsBoss,0x0,0x0,0x0,0x0,0x0
0x99 D3TorchUnit,D3TorchUnitName,D3TorchUnitDesc,D3TorchUnit,0x41,0x0,0x6,NoAffinity,0x0,1,0,0,0,0,0,0,0,0,NoRank,NoRank,NoRank,NoRank,NoRank,NoRank,NoRank,NoRank,0,0,0,0,0,0,0,0x0,0x0,0x0,0x0,0x0,0x0,0x0,0x0,0x0,0x0,0x0
0x9A D3BanditBoss,D3BanditBossName,D3BanditBossDesc,D3BanditBoss,Dracoknight,D3BanditBossMug,0x0,NoAffinity,0x0,23,31,15,10,16,13,7,9,3,NoRank,NoRank,ARank,NoRank,NoRank,NoRank,NoRank,NoRank,115,60,40,50,55,20,25,0x0,0x0,0x0,0x0,0x0,IsFemale|IsBoss,0x0,0x0,0x0,0x0,0x0
0x9B D3Bandit,D3BanditPrisonerName,D3BanditPrisonerDesc,D3Bandit,0x41,0x0,0x3,NoAffinity,0x0,1,0,0,0,0,0,0,0,0,NoRank,NoRank,NoRank,NoRank,NoRank,NoRank,NoRank,NoRank,0,0,0,0,0,0,0,0x0,0x0,0x0,0x0,0x0,0x0,0x0,0x0,0x0,0x0,0x0
0x9C D3BanditRaider,D3BanditName,D3BanditDesc,D3Bandit_Raider,0x41,0x0,0x3,NoAffinity,0x0,1,0,0,0,0,0,0,0,0,NoRank,NoRank,NoRank,NoRank,NoRank,NoRank,NoRank,NoRank,0,0,0,0,0,0,0,0x0,0x0,0x0,0x0,0x0,0x0,0x0,0x0,0x0,0x0,0x0
0x9D D3Thief1,D3Thief1Name,D3ThiefDesc,D3Thief1,Thief,0x0,0x3,NoAffinity,0x0,1,0,0,0,0,0,0,0,0,NoRank,NoRank,NoRank,NoRank,NoRank,NoRank,NoRank,NoRank,0,0,0,0,0,0,0,0x0,0x0,0x0,0x0,0x0,0x0,0x0,0x0,0x0,0x0,0x0
0x9E D3Thief2,D3Thief2Name,D3ThiefDesc,D3Thief2,Thief,0x0,0x3,NoAffinity,0x0,1,0,0,0,0,0,0,0,0,NoRank,NoRank,NoRank,NoRank,NoRank,NoRank,NoRank,NoRank,0,0,0,0,0,0,0,0x0,0x0,0x0,0x0,0x0,0x0,0x0,0x0,0x0,0x0,0x0
0x9F GreagorShirker,GreagorShirkerName,GreagorShirkerDesc,GreagorShirker,Fighter,SleepyDockhandMug,0x0,NoAffinity,0x0,1,2,2,2,2,2,2,2,2,NoRank,NoRank,CRank,NoRank,NoRank,NoRank,NoRank,NoRank,0,0,0,0,0,0,0,0x0,0x0,0x0,0x0,0x0,0x0,0x0,0x0,0x0,0x0,0x0
0xA0 - GreagorVillager,GreagorVillagerName,GreagorVillagerDesc,GreagorVillager,0x6D,0x5C,0x5,NoAffinity,0x0,1,0,0,0,0,0,0,0,0,NoRank,NoRank,NoRank,NoRank,NoRank,NoRank,NoRank,NoRank,0,0,0,0,0,0,0,0x0,0x0,0x0,0x0,0x0,0x0,0x0,0x0,0x0,0x0,0x0
0xA1 - GreagorSailor,GreagorSailorName,GreagorSailorDesc,GreagorSailor,0x41,0x4C,0x5,NoAffinity,0x0,1,0,0,0,0,0,0,0,0,NoRank,NoRank,NoRank,NoRank,NoRank,NoRank,NoRank,NoRank,0,0,0,0,0,0,0,0x0,0x0,0x0,0x0,0x0,0x0,0x0,0x0,0x0,0x0,0x0
0xA2 - GreagorPatroller,GreagorPatrollerName,GreagorPatrollerDesc,GreagorPatroller,PegasusRider,0x69,0x5,NoAffinity,0x0,1,0,0,0,0,0,0,0,0,NoRank,NoRank,NoRank,NoRank,NoRank,NoRank,NoRank,NoRank,0,0,0,0,0,0,0,0x0,0x0,0x0,0x0,0x0,0x0,0x0,0x0,0x0,0x0,0x0
0xA3 - GreagorLibrarian,GreagorLibrarianName,GreagorLibrarianDesc,GreagorLibrarian,0x6D,0x62,0x5,NoAffinity,0x0,1,0,0,0,0,0,0,0,0,NoRank,NoRank,NoRank,NoRank,NoRank,NoRank,NoRank,NoRank,0,0,0,0,0,0,0,0x0,0x0,0x0,0x0,0x0,0x0,0x0,0x0,0x0,0x0,0x0
0xA4 - GreagorGuard,GreagorGuardName,GreagorGuardDesc,GreagorGuard,Deserter,0x71,0x5,NoAffinity,0x0,1,0,0,0,0,0,0,0,0,NoRank,NoRank,NoRank,NoRank,NoRank,NoRank,NoRank,NoRank,0,0,0,0,0,0,0,0x0,0x0,0x0,0x0,0x0,0x0,0x0,0x0,0x0,0x0,0x0
0xA5 - GreagorSmuggler,GreagorSmugglerName,GreagorSmugglerDesc,GreagorSmuggler,Thief,0x30,0x5,NoAffinity,0x0,1,0,0,0,0,0,0,0,0,NoRank,NoRank,NoRank,NoRank,NoRank,NoRank,CRank,NoRank,0,0,0,0,0,0,0,0x0,0x0,0x0,0x0,0x0,0x0,0x0,0x0,0x0,0x0,0x0
0xA6 - GreagorShipwright,GreagorShipwrightName,GreagorShipwrightDesc,GreagorShipwright,0x6D,0x5A,0x5,NoAffinity,0x0,1,0,0,0,0,0,0,0,0,NoRank,NoRank,NoRank,NoRank,NoRank,NoRank,NoRank,NoRank,0,0,0,0,0,0,0,0x0,0x0,0x0,0x0,0x0,0x0,0x0,0x0,0x0,0x0,0x0
0xA7 - GreagorCaptain,GreagorCaptainName,GreagorCaptainDesc,GreagorCaptain,0x43,0x4D,0x5,NoAffinity,0x0,3,4,7,4,0,0,0,0,0,NoRank,NoRank,ARank,NoRank,NoRank,NoRank,NoRank,NoRank,60,20,30,35,15,15,25,0x0,0x0,0x0,0x0,0x0,0x0,0x0,0x0,0x0,0x0,0x0
0xA8 - GreagorPatron,GreagorPatronName,GreagorPatronDesc,GreagorPatron,0x6D,0x6D,0x5,NoAffinity,0x0,1,0,0,0,0,0,0,0,0,NoRank,NoRank,NoRank,NoRank,NoRank,NoRank,NoRank,NoRank,60,20,30,35,15,15,25,0x0,0x0,0x0,0x0,0x0,0x0,0x0,0x0,0x0,0x0,0x0
0xA9 - GreagorPeddler,GreagorPeddlerName,GreagorPeddlerDesc,GreagorPeddler,Thief,0x8e,0x5,NoAffinity,0x0,1,0,0,0,0,0,0,0,0,NoRank,NoRank,NoRank,NoRank,NoRank,NoRank,NoRank,NoRank,60,20,30,35,15,15,25,0x0,0x0,0x0,0x0,0x0,0x0,0x0,0x0,0x0,0x0,0x0
0xAA - GreagorLibrarian2,GreagorLibrarianName,GreagorLibrarianDesc,GreagorLibrarianB,0x6D,0x59,0x5,NoAffinity,0x0,1,0,0,0,0,0,0,0,0,NoRank,NoRank,NoRank,NoRank,NoRank,NoRank,NoRank,NoRank,0,0,0,0,0,0,0,0x0,0x0,0x0,0x0,0x0,0x0,0x0,0x0,0x0,0x0,0x0
0xAB - GreagorVillager2,GreagorVillagerName,GreagorVillagerDesc,GreagorVillagerB,0x6D,0x61,0x5,NoAffinity,0x0,1,0,0,0,0,0,0,0,0,NoRank,NoRank,NoRank,NoRank,NoRank,NoRank,NoRank,NoRank,0,0,0,0,0,0,0,0x0,0x0,0x0,0x0,0x0,0x0,0x0,0x0,0x0,0x0,0x0
0xAC - GreagorPatron,GreagorPatronDrunkName,GreagorPatronDrunkDesc,GreagorPatronB,0x6D,0x5A,0x5,NoAffinity,0x0,1,0,0,0,0,0,0,0,0,NoRank,NoRank,NoRank,NoRank,NoRank,NoRank,NoRank,NoRank,60,20,30,35,15,15,25,0x0,0x0,0x0,0x0,0x0,0x0,0x0,0x0,0x0,0x0,0x0
0xAD - IncendivisCutscene mage,IncendivisName,IncendivisDesc,IncendivisMageA2,Soldier,0x0,0x6,LightAffinity,0x0,1,0,0,0,0,0,0,0,0,NoRank,NoRank,NoRank,NoRank,NoRank,NoRank,NoRank,NoRank,85,50,10,10,10,15,30,0x0,0x0,0x0,0x0,0x0,0x0,0x0,0x0,0x0,0x0,0x0
0xAE - GreagorVillager3,GreagorVillagerName,GreagorVillagerDesc,GreagorVillagerC,0x6D,0x59,0x5,NoAffinity,0x0,1,0,0,0,0,0,0,0,0,NoRank,NoRank,NoRank,NoRank,NoRank,NoRank,NoRank,NoRank,0,0,0,0,0,0,0,0x0,0x0,0x0,0x0,0x0,0x0,0x0,0x0,0x0,0x0,0x0
0xAF RebelThief,RebelName,RebelDesc,RebelThief,Thief,0x0,0x4,DarkAffinity,0x0,1,0,0,0,0,0,0,0,0,NoRank,NoRank,NoRank,NoRank,NoRank,NoRank,NoRank,NoRank,60,20,30,35,15,15,25,0x0,0x0,0x0,0x0,0x0,0x0,0x0,0x0,0x0,0x0,0x0
0xB0 C3 Traitor Rebel,C3TraitorName,C3TraitorDesc,0xb0,0x58,0x0,0x4,DarkAffinity,0x0,6,0,0,0,0,0,0,0,0,NoRank,NoRank,NoRank,NoRank,NoRank,NoRank,NoRank,NoRank,60,20,30,35,15,15,25,0x0,0x0,0x0,0x0,0x0,0x0,0x0,0x0,0x0,0x0,0x0
0xB1 Salman,SalmanName,SalmanDesc,0xb1,Swordmaster,SalmanMug,0x0,DarkAffinity,0x0,18,21,6,9,9,5,5,6,0,ARank,NoRank,NoRank,NoRank,NoRank,NoRank,NoRank,NoRank,90,40,60,60,25,25,40,0x0,0x0,0x0,0x0,0x0,0x0,0x0,0x0,0x0,0x0,0x0
0xB2 Boru,BoruName,BoruDesc,0xb2,Runeshield,BoruMug,0x0,DarkAffinity,0x0,16,16,3,9,6,8,6,2,0,NoRank,NoRank,NoRank,NoRank,NoRank,BRank,NoRank,NoRank,100,35,55,25,65,35,15,0x0,0x0,0x0,0x0,0x0,0x0,0x0,0x0,0x0,0x0,0x0
0xB3 Monster,0x255,0x2b1,0xb3,0x5b,0x0,0x4,DarkAffinity,0x0,9,0,0,0,0,0,0,0,0,NoRank,NoRank,NoRank,NoRank,NoRank,NoRank,NoRank,NoRank,60,20,30,35,15,15,25,0x0,0x0,0x0,0x0,0x0,0x0,0x0,0x0,0x0,0x0,0x0
0xB4 Monster,0x255,0x2b1,0xb4,0x5c,0x0,0x4,DarkAffinity,0x0,10,0,0,0,0,0,0,0,0,NoRank,NoRank,NoRank,NoRank,NoRank,NoRank,NoRank,NoRank,60,20,30,35,15,15,25,0x0,0x0,0x0,0x0,0x0,0x0,0x0,0x0,0x0,0x0,0x0
0xB5 Monster,0x255,0x2b1,0xb5,0x5d,0x0,0x4,DarkAffinity,0x0,11,0,0,0,0,0,0,0,0,NoRank,NoRank,NoRank,NoRank,NoRank,NoRank,NoRank,NoRank,60,20,30,35,15,15,25,0x0,0x0,0x0,0x0,0x0,0x0,0x0,0x0,0x0,0x0,0x0
0xB6 Monster,0x255,0x2b1,0xb6,0x5e,0x0,0x4,DarkAffinity,0x0,12,0,0,0,0,0,0,0,0,NoRank,NoRank,NoRank,NoRank,NoRank,NoRank,NoRank,NoRank,60,20,30,35,15,15,25,0x0,0x0,0x0,0x0,0x0,0x0,0x0,0x0,0x0,0x0,0x0
0xB7 Monster,0x255,0x2b1,0xb7,0x5f,0x0,0x4,DarkAffinity,0x0,1,0,0,0,0,0,0,0,0,NoRank,NoRank,NoRank,NoRank,NoRank,NoRank,NoRank,NoRank,60,20,30,35,15,15,25,0x0,0x0,0x0,0x0,0x0,0x0,0x0,0x0,0x0,0x0,0x0
0xB8 Monster,0x255,0x2b1,0xb8,0x60,0x0,0x4,DarkAffinity,0x0,1,0,0,0,0,0,0,0,0,NoRank,NoRank,NoRank,NoRank,NoRank,NoRank,NoRank,NoRank,60,20,30,35,15,15,25,0x0,0x0,0x0,0x0,0x0,0x0,0x0,0x0,0x0,0x0,0x0
0xB9 Monster,0x255,0x2b1,0xb9,0x61,0x0,0x4,DarkAffinity,0x0,1,0,0,0,0,0,0,0,0,NoRank,NoRank,NoRank,NoRank,NoRank,NoRank,NoRank,NoRank,60,20,30,35,15,15,25,0x0,0x0,0x0,0x0,0x0,0x0,0x0,0x0,0x0,0x0,0x0
0xBA Monster (Gorgon Egg?),0x256,0x2b1,0xba,0x62,0x0,0x4,DarkAffinity,0x0,1,0,0,0,0,0,0,0,0,NoRank,NoRank,NoRank,NoRank,NoRank,NoRank,NoRank,NoRank,100,0,0,0,0,0,0,0x0,0x0,0x0,0x0,0x0,0x0,0x0,0x0,0x0,0x0,0x0
0xBB Monster,0x255,0x2b1,0xbb,0x63,0x0,0x4,DarkAffinity,0x0,1,0,0,0,0,0,0,0,0,NoRank,NoRank,NoRank,NoRank,NoRank,NoRank,NoRank,NoRank,60,20,30,35,15,15,25,0x0,0x0,0x0,0x0,0x0,0x0,0x0,0x0,0x0,0x0,0x0
0xBC Monster,0x255,0x2b1,0xbc,0x64,0x0,0x4,DarkAffinity,0x0,1,0,0,0,0,0,0,0,0,NoRank,NoRank,NoRank,NoRank,NoRank,NoRank,NoRank,NoRank,60,20,30,35,15,15,25,0x0,0x0,0x0,0x0,0x0,0x0,0x0,0x0,0x0,0x0,0x0
0xBD Monster (Dracozombie?),0x255,0x2b1,0xbd,0x65,0x0,0x1,DarkAffinity,0x0,1,0,0,0,0,0,0,0,0,NoRank,NoRank,NoRank,NoRank,NoRank,NoRank,NoRank,NoRank,60,20,30,35,15,15,25,0x0,0x0,0x0,0x0,0x0,0x0,0x0,0x0,0x0,0x0,0x0
0xBE Demon King,0x25a,0x2b2,0xbe,0x66,0x0,0x4,DarkAffinity,0x0,1,0,0,0,0,0,0,10,0,NoRank,NoRank,NoRank,NoRank,NoRank,NoRank,NoRank,NoRank,60,20,30,35,15,15,25,0x0,0x0,0x0,0x0,0x0,IsBoss,0x0,0x0,0x0,0x0,0x0
0xBF -,0x267,0x0,0xbf,0x41,0x0,0x0,NoAffinity,0x0,1,0,0,0,0,0,0,0,0,NoRank,NoRank,NoRank,NoRank,NoRank,NoRank,NoRank,NoRank,0,0,0,0,0,0,0,0x0,0x0,0x0,0x0,0x0,0x0,0x0,0x0,0x0,0x0,0x0
0xC0 Frelian,0x262,0x2ba,0xc0,0x13,0x0,0x2,NoAffinity,0x0,1,0,0,0,0,0,0,0,0,NoRank,NoRank,NoRank,NoRank,NoRank,NoRank,NoRank,NoRank,85,40,50,45,25,25,20,0x0,0x0,0x0,0x0,0x0,0x0,0x0,0x0,0x0,0x0,0x0
0xC1 Frelian,0x262,0x2ba,0xc1,0x5,0x0,0x2,NoAffinity,0x0,1,0,0,0,0,0,0,0,0,NoRank,NoRank,NoRank,NoRank,NoRank,NoRank,NoRank,NoRank,85,40,50,45,25,25,20,0x0,0x0,0x0,0x0,0x0,0x0,0x0,0x0,0x0,0x0,0x0
0xC2 -,0x267,0x0,0xc2,0x41,0x0,0x0,NoAffinity,0x0,1,0,0,0,0,0,0,0,0,NoRank,NoRank,NoRank,NoRank,NoRank,NoRank,NoRank,NoRank,0,0,0,0,0,0,0,0x0,0x0,0x0,0x0,0x0,0x0,0x0,0x0,0x0,0x0,0x0
0xC3 -,0x267,0x0,0xc3,0x41,0x0,0x0,NoAffinity,0x0,1,0,0,0,0,0,0,0,0,NoRank,NoRank,NoRank,NoRank,NoRank,NoRank,NoRank,NoRank,0,0,0,0,0,0,0,0x0,0x0,0x0,0x0,0x0,0x0,0x0,0x0,0x0,0x0,0x0
0xC4 -,0x267,0x0,0xc4,0x41,0x0,0x0,NoAffinity,0x0,1,0,0,0,0,0,0,0,0,NoRank,NoRank,NoRank,NoRank,NoRank,NoRank,NoRank,NoRank,0,0,0,0,0,0,0,0x0,0x0,0x0,0x0,0x0,0x0,0x0,0x0,0x0,0x0,0x0
0xC5 Fado (Renais),0x25b,0x2b3,0xc5,0x27,0x51,0x0,FireAffinity,0x0,1,13,8,6,8,2,12,10,3,NoRank,NoRank,NoRank,NoRank,NoRank,NoRank,NoRank,NoRank,85,40,50,45,25,25,20,0x0,0x0,0x0,0x0,0x0,0x0,0x0,0x0,0x0,0x0,0x0
0xC6 -,0x267,0x0,0xc6,0x41,0x0,0x0,NoAffinity,0x0,1,0,0,0,0,0,0,0,0,NoRank,NoRank,NoRank,NoRank,NoRank,NoRank,NoRank,NoRank,0,0,0,0,0,0,0,0x0,0x0,0x0,0x0,0x0,0x0,0x0,0x0,0x0,0x0,0x0
0xC7 Hayden (Frelia),0x25c,0x2b4,0xc7,0x73,0x52,0x0,AnimaAffinity,0x0,1,0,0,0,0,0,0,0,1,NoRank,NoRank,NoRank,NoRank,NoRank,NoRank,NoRank,NoRank,85,40,50,45,25,25,20,0x0,0x0,0x0,0x0,0x0,0x0,0x0,0x0,0x0,0x0,0x0
0xC8 Mansel (Rausten),0x25e,0x2b5,0xc8,0x7a,0x53,0x0,LightAffinity,0x0,1,11,11,3,2,5,8,17,0,NoRank,NoRank,NoRank,NoRank,NoRank,NoRank,NoRank,NoRank,85,40,50,45,25,25,20,0x0,0x0,0x0,0x0,0x0,0x0,0x0,0x0,0x0,0x0,0x0
0xC9 Klimt (Carcino),0x25d,0x2b6,0xc9,0x2b,0x54,0x0,AnimaAffinity,0x0,20,0,0,0,0,0,0,0,0,NoRank,NoRank,NoRank,NoRank,NoRank,NoRank,NoRank,NoRank,85,40,50,45,25,25,20,0x0,0x0,0x0,0x0,0x0,0x0,0x0,0x0,0x0,0x0,0x0
0xCA Dara (Caer Pelyn),0x25f,0x2b7,0xca,0x2f,0x55,0x0,DarkAffinity,0x0,1,0,0,0,0,0,0,0,0,NoRank,NoRank,NoRank,NoRank,NoRank,NoRank,NoRank,NoRank,85,40,50,45,25,25,20,0x0,0x0,0x0,0x0,0x0,0x0,0x0,0x0,0x0,0x0,0x0
0xCB Ismaire (Jehanna),0x260,0x2b8,0xcb,0x74,0x56,0x0,WindAffinity,0x0,1,14,10,9,11,4,12,12,0,ARank,NoRank,NoRank,NoRank,NoRank,NoRank,NoRank,NoRank,75,30,60,55,20,25,30,0x0,0x0,0x0,0x0,0x0,IsFemale,0x0,0x0,0x0,0x0,0x0
0xCC Pegasus Messenger,0x261,0x2b9,0xcc,0x48,0x69,0x0,WindAffinity,0x0,1,3,2,2,5,0,2,7,0,NoRank,DRank,NoRank,NoRank,NoRank,NoRank,NoRank,NoRank,85,40,50,45,25,25,20,0x0,0x0,0x0,0x0,0x0,IsFemale,0x0,0x0,0x0,0x0,0x0
0xCD Rausten Knight,0x263,0x2bb,0xcd,0x9,0x0,0x2,NoAffinity,0x0,1,0,0,0,0,0,0,0,0,NoRank,NoRank,NoRank,NoRank,NoRank,NoRank,NoRank,NoRank,85,40,50,45,25,25,20,0x0,0x0,0x0,0x0,0x0,0x0,0x0,0x0,0x0,0x0,0x0
0xCE Rausten Knight,0x263,0x2bb,0xce,0x9,0x0,0x2,NoAffinity,0x0,1,0,0,0,0,0,0,0,0,NoRank,NoRank,NoRank,NoRank,NoRank,NoRank,NoRank,NoRank,85,40,50,45,25,25,20,0x0,0x0,0x0,0x0,0x0,0x0,0x0,0x0,0x0,0x0,0x0
0xCF -,0x267,0x0,0xcf,0x41,0x0,0x0,NoAffinity,0x0,0,0,0,0,0,0,0,0,0,NoRank,NoRank,NoRank,NoRank,NoRank,NoRank,NoRank,NoRank,0,0,0,0,0,0,0,0x0,0x0,0x0,0x0,0x0,0x0,0x0,0x0,0x0,0x0,0x0
0xD0 - Yadney,YadneyName,YadneyDesc,Yadney,GriffinRider,YadneyMug,0x0,ThunderAffinity,0x0,15,15,8,11,7,5,5,5,4,NoRank,BRank,NoRank,NoRank,NoRank,NoRank,NoRank,NoRank,95,50,55,55,30,30,35,0x0,0x0,0x0,0x0,0x0,IsBoss,0x0,0x0,0x0,0x0,0x0
0xD1 - Cruz,CruzName,CruzDesc,Cruz,Shaman,CruzMug,0x0,AnimaAffinity,0x0,13,10,(-5),9,7,4,5,10,1,NoRank,NoRank,NoRank,NoRank,NoRank,BRank,NoRank,NoRank,90,5,50,40,40,30,40,0x0,0x0,0x0,0x0,0x0,IsBoss,0x0,0x0,0x0,0x0,0x0
0xD2 - CruzFake,CruzName,CruzFakeDesc,CruzFake,Shaman,CruzMug,0x0,AnimaAffinity,0x0,13,10,(-5),9,7,4,5,10,1,NoRank,NoRank,NoRank,NoRank,NoRank,BRank,NoRank,NoRank,90,5,50,40,40,30,40,0x0,0x0,0x0,0x0,0x0,0x0,0x0,0x0,0x0,0x0,0x0
0xD3 - RecelosoPriest,RecelosoPriestName,RecelosoPriestDesc,RecelosoPriest,Curate,0x5B,0x3,FireAffinity,0x0,1,0,0,0,0,0,0,0,0,NoRank,NoRank,NoRank,NoRank,NoRank,CRank,NoRank,NoRank,0,0,0,0,0,0,0,0x0,0x0,0x0,0x0,0x0,0x0,0x0,0x0,0x0,0x0,0x0
0xD4 - RecelosoCorpse,RecelosoCorpseName,RecelosoCorpseDesc,RecelosoCorpse,0x7B,0x0,0x3,NoAffinity,0x0,1,0,0,0,0,0,0,0,0,NoRank,NoRank,NoRank,NoRank,NoRank,NoRank,NoRank,NoRank,0,0,0,0,0,0,0,0x0,0x0,0x0,0x0,0x0,0x0,0x0,0x0,0x0,0x0,0x0
0xD5 - RecelosoStudent,RecelosoStudentName,RecelosoStudentDesc,RecelosoStudent,Mage_F,0x62,0x3,DarkAffinity,0x0,1,0,0,0,0,0,0,0,0,NoRank,NoRank,NoRank,NoRank,NoRank,CRank,NoRank,NoRank,0,0,0,0,0,0,0,0x0,0x0,0x0,0x0,0x0,IsFemale,0x0,0x0,0x0,0x0,0x0
0xD6 - RecelosoGuard,RecelosoGuardName,RecelosoGuardDesc,RecelosoGuard,Soldier,0x6a,0x3,LightAffinity,0x0,1,0,0,0,0,0,0,0,0,NoRank,CRank,NoRank,NoRank,NoRank,NoRank,NoRank,NoRank,0,0,0,0,0,0,0,0x0,0x0,0x0,0x0,0x0,0x0,0x0,0x0,0x0,0x0,0x0
0xD7 - RecelosoBarkeep,RecelosoBarkeepName,RecelosoBarkeepDesc,RecelosoBarkeep,0x70,0x60,0x3,FireAffinity,0x0,1,0,0,0,0,0,0,0,0,NoRank,NoRank,NoRank,NoRank,NoRank,NoRank,NoRank,NoRank,0,0,0,0,0,0,0,0x0,0x0,0x0,0x0,0x0,IsFemale,0x0,0x0,0x0,0x0,0x0
0xD8 - B4Bandit,B4BanditsName,B4BanditsDesc,0xd8,0x41,0x0,0x6,NoAffinity,0x0,1,0,0,0,0,0,0,0,0,NoRank,NoRank,NoRank,NoRank,NoRank,NoRank,NoRank,NoRank,0,0,0,0,0,0,0,0x0,0x0,0x0,0x0,0x0,0x0,0x0,0x0,0x0,0x0,0x0
0xD9 - Javier,JavierName,JavierDesc,0xd9,Hero,JavierMug,0x0,FireAffinity,0x0,13,14,11,7,4,6,4,1,1,CRank,NoRank,BRank,NoRank,NoRank,NoRank,NoRank,NoRank,100,65,55,45,45,20,25,0x0,0x0,0x0,0x0,0x0,IsBoss,0x0,0x0,0x0,0x0,0x0
0xDA - Azahar,AzaharName,AzaharDesc,Azahar,Champion,AzaharMug,0x0,NoAffinity,0x0,12,18,9,7,3,3,4,1,0,NoRank,NoRank,NoRank,NoRank,NoRank,NoRank,NoRank,NoRank,125,70,50,45,30,20,25,0x0,0x0,0x0,0x0,0x0,IsBoss,0x0,0x0,0x0,0x0,0x0
0xDB - Nicodemus,NicodemusName,NicodemusDesc,Nicodemus,Cataphract,NicodemusMug,0x0,WindAffinity,0x0,13,22,8,3,(-1),8,1,1,0,NoRank,BRank,BRank,NoRank,NoRank,NoRank,NoRank,NoRank,125,60,40,20,60,10,20,0x0,0x0,0x0,0x0,0x0,IsBoss,0x0,0x0,0x0,0x0,0x0
0xDC - Baltasar,BaltasarName,BaltasarDesc,Baltasar,Dragoon,BaltasarMug,0x0,LightAffinity,0x0,20,21,10,9,9,5,0,7,1,BRank,NoRank,NoRank,NoRank,NoRank,NoRank,NoRank,BRank,85,40,50,50,20,10,30,0x0,0x0,0x0,0x0,0x0,IsBoss,0x0,0x0,0x0,0x0,0x0
0xDD - Krezke,KrezkeName,KrezkeDesc,Krezke,Slayer_F,KrezkeMug,0x0,WindAffinity,0x0,20,19,9,7,12,5,13,6,0,ARank,NoRank,NoRank,NoRank,NoRank,ARank,NoRank,NoRank,80,40,45,60,25,50,35,0x0,0x0,0x0,0x0,0x0,IsBoss|IsFemale,0x0,0x0,0x0,0x0,0x0
0xDE - Salvador,SalvadorName,SalvadorDesc,Salvador,Champion,SalvadorMug,0x0,ThunderAffinity,0x0,20,28,13,9,11,10,8,5,0,NoRank,NoRank,NoRank,NoRank,NoRank,NoRank,NoRank,NoRank,125,65,45,55,40,25,30,0x0,0x0,0x0,0x0,0x0,IsBoss,0x0,0x0,0x0,0x0,0x0
0xDF - QuispeChapter4,QuispeName,QuispeEnemyDesc,QuispeChapter4,MaligKnight,QuispeMug,0x0,LightAffinity,0x0,27,41,3,6,11,8,11,2,3,NoRank,NoRank,BRank,NoRank,NoRank,SRank,NoRank,NoRank,125,30,30,40,40,30,15,0x0,0x0,0x0,0x0,0x0,IsBoss,0x0,0x0,0x0,0x0,0x0
0xE0 - Keeper,KeeperName,KeeperDesc,Keeper,0x41,0x0,0x6,NoAffinity,0x0,0,0,0,0,0,0,0,0,0,NoRank,NoRank,NoRank,NoRank,NoRank,NoRank,NoRank,NoRank,0,0,0,0,0,0,0,0x0,0x0,0x0,0x0,0x0,0x0,0x0,0x0,0x0,0x0,0x0
0xE1 - Dalila Rematch,DalilaName,DalilaDesc,DalilaRematch,Assassin,DalilaMug,0x0,LightAffinity,0x0,25,39,8,16,14,8,12,20,2,NoRank,NoRank,NoRank,ARank,NoRank,NoRank,SRank,NoRank,60,20,30,35,15,15,25,0x0,0x0,0x0,0x0,0x0,IsBoss|IsFemale,0x0,0x0,0x0,0x0,0x0
0xE2 - Solange,SolangeName,SolangeDesc,Solange,Ranger_F,SolangeMug,0x0,DarkAffinity,0x0,25,37,7,20,24,11,10,19,2,ARank,NoRank,NoRank,ARank,NoRank,NoRank,NoRank,NoRank,100,100,100,100,0,0,0,0x0,0x0,0x0,0x0,0x0,IsBoss|IsFemale,0x0,0x0,0x0,0x0,0x0
0xE3 - Rogelio,RogelioName,RogelioDesc,Rogelio,Pirate,RogelioMug,0x0,WindAffinity,0x0,17,22,12,10,9,6,6,11,4,NoRank,NoRank,BRank,NoRank,NoRank,NoRank,NoRank,NoRank,0,0,0,0,0,0,0,0x0,0x0,0x0,0x0,0x0,0x0,0x0,0x0,0x0,0x0,0x0
0xE4 -,0x267,0x0,0xe4,0x41,0x0,0x0,NoAffinity,0x0,0,0,0,0,0,0,0,0,0,NoRank,NoRank,NoRank,NoRank,NoRank,NoRank,NoRank,NoRank,0,0,0,0,0,0,0,0x0,0x0,0x0,0x0,0x0,0x0,0x0,0x0,0x0,0x0,0x0
0xE5 -,0x267,0x0,0xe5,0x41,0x0,0x0,NoAffinity,0x0,0,0,0,0,0,0,0,0,0,NoRank,NoRank,NoRank,NoRank,NoRank,NoRank,NoRank,NoRank,0,0,0,0,0,0,0,0x0,0x0,0x0,0x0,0x0,0x0,0x0,0x0,0x0,0x0,0x0
0xE6 -,0x267,0x0,0xe6,0x41,0x0,0x0,NoAffinity,0x0,0,0,0,0,0,0,0,0,0,NoRank,NoRank,NoRank,NoRank,NoRank,NoRank,NoRank,NoRank,0,0,0,0,0,0,0,0x0,0x0,0x0,0x0,0x0,0x0,0x0,0x0,0x0,0x0,0x0
0xE7 -,0x267,0x0,0xe7,0x41,0x0,0x0,NoAffinity,0x0,0,0,0,0,0,0,0,0,0,NoRank,NoRank,NoRank,NoRank,NoRank,NoRank,NoRank,NoRank,0,0,0,0,0,0,0,0x0,0x0,0x0,0x0,0x0,0x0,0x0,0x0,0x0,0x0,0x0
0xE8 -,0x267,0x0,0xe8,0x41,0x0,0x0,NoAffinity,0x0,0,0,0,0,0,0,0,0,0,NoRank,NoRank,NoRank,NoRank,NoRank,NoRank,NoRank,NoRank,0,0,0,0,0,0,0,0x0,0x0,0x0,0x0,0x0,0x0,0x0,0x0,0x0,0x0,0x0
0xE9 -,0x267,0x0,0xe9,0x41,0x0,0x0,NoAffinity,0x0,0,0,0,0,0,0,0,0,0,NoRank,NoRank,NoRank,NoRank,NoRank,NoRank,NoRank,NoRank,0,0,0,0,0,0,0,0x0,0x0,0x0,0x0,0x0,0x0,0x0,0x0,0x0,0x0,0x0
0xEA -,0x267,0x0,0xea,0x41,0x0,0x0,NoAffinity,0x0,0,0,0,0,0,0,0,0,0,NoRank,NoRank,NoRank,NoRank,NoRank,NoRank,NoRank,NoRank,0,0,0,0,0,0,0,0x0,0x0,0x0,0x0,0x0,0x0,0x0,0x0,0x0,0x0,0x0
0xEB -,0x267,0x0,0xeb,0x41,0x0,0x0,NoAffinity,0x0,0,0,0,0,0,0,0,0,0,NoRank,NoRank,NoRank,NoRank,NoRank,NoRank,NoRank,NoRank,0,0,0,0,0,0,0,0x0,0x0,0x0,0x0,0x0,0x0,0x0,0x0,0x0,0x0,0x0
0xEC -,0x267,0x0,0xec,0x41,0x0,0x0,NoAffinity,0x0,0,0,0,0,0,0,0,0,0,NoRank,NoRank,NoRank,NoRank,NoRank,NoRank,NoRank,NoRank,0,0,0,0,0,0,0,0x0,0x0,0x0,0x0,0x0,0x0,0x0,0x0,0x0,0x0,0x0
0xED -,0x267,0x0,0xed,0x41,0x0,0x0,NoAffinity,0x0,0,0,0,0,0,0,0,0,0,NoRank,NoRank,NoRank,NoRank,NoRank,NoRank,NoRank,NoRank,0,0,0,0,0,0,0,0x0,0x0,0x0,0x0,0x0,0x0,0x0,0x0,0x0,0x0,0x0
0xEE -,0x267,0x0,0xee,0x41,0x0,0x0,NoAffinity,0x0,0,0,0,0,0,0,0,0,0,NoRank,NoRank,NoRank,NoRank,NoRank,NoRank,NoRank,NoRank,0,0,0,0,0,0,0,0x0,0x0,0x0,0x0,0x0,0x0,0x0,0x0,0x0,0x0,0x0
0xEF -,0x267,0x0,0xef,0x41,0x0,0x0,NoAffinity,0x0,0,0,0,0,0,0,0,0,0,NoRank,NoRank,NoRank,NoRank,NoRank,NoRank,NoRank,NoRank,0,0,0,0,0,0,0,0x0,0x0,0x0,0x0,0x0,0x0,0x0,0x0,0x0,0x0,0x0
0xF0 -,0x267,0x0,0xf0,0x41,0x0,0x0,NoAffinity,0x0,0,0,0,0,0,0,0,0,0,NoRank,NoRank,NoRank,NoRank,NoRank,NoRank,NoRank,NoRank,0,0,0,0,0,0,0,0x0,0x0,0x0,0x0,0x0,0x0,0x0,0x0,0x0,0x0,0x0
0xF1 -,0x267,0x0,0xf1,0x41,0x0,0x0,NoAffinity,0x0,0,0,0,0,0,0,0,0,0,NoRank,NoRank,NoRank,NoRank,NoRank,NoRank,NoRank,NoRank,0,0,0,0,0,0,0,0x0,0x0,0x0,0x0,0x0,0x0,0x0,0x0,0x0,0x0,0x0
0xF2 -,0x267,0x0,0xf2,0x41,0x0,0x0,NoAffinity,0x0,0,0,0,0,0,0,0,0,0,NoRank,NoRank,NoRank,NoRank,NoRank,NoRank,NoRank,NoRank,0,0,0,0,0,0,0,0x0,0x0,0x0,0x0,0x0,0x0,0x0,0x0,0x0,0x0,0x0
0xF3 -,0x267,0x0,0xf3,0x41,0x0,0x0,NoAffinity,0x0,0,0,0,0,0,0,0,0,0,NoRank,NoRank,NoRank,NoRank,NoRank,NoRank,NoRank,NoRank,0,0,0,0,0,0,0,0x0,0x0,0x0,0x0,0x0,0x0,0x0,0x0,0x0,0x0,0x0
0xF4 River Folk Child (F),0x266,0x2bd,0xf4,0x6d,0x0,0x5,NoAffinity,0x0,0,0,0,0,0,2,0,0,0,NoRank,NoRank,NoRank,NoRank,NoRank,NoRank,NoRank,NoRank,85,25,60,10,15,15,25,0x0,0x0,0x0,0x0,0x0,0x0,0x0,0x0,0x0,0x0,0x0
0xF5 River Folk (F),0x266,0x2bd,0xf5,0x6e,0x0,0x5,NoAffinity,0x0,0,0,0,0,0,2,0,0,0,NoRank,NoRank,NoRank,NoRank,NoRank,NoRank,NoRank,NoRank,85,25,60,10,15,15,25,0x0,0x0,0x0,0x0,0x0,IsFemale,0x0,0x0,0x0,0x0,0x0
0xF6 River Folk (M),0x266,0x2bd,0xf6,0x6f,0x0,0x5,NoAffinity,0x0,0,0,0,0,0,2,0,0,0,NoRank,NoRank,NoRank,NoRank,NoRank,NoRank,NoRank,NoRank,85,25,60,10,15,15,25,0x0,0x0,0x0,0x0,0x0,0x0,0x0,0x0,0x0,0x0,0x0
0xF7 River Folk (F),0x266,0x2bd,0xf7,0x70,0x0,0x5,NoAffinity,0x0,0,0,0,0,0,2,0,0,0,NoRank,NoRank,NoRank,NoRank,NoRank,NoRank,NoRank,NoRank,85,25,60,10,15,15,25,0x0,0x0,0x0,0x0,0x0,IsFemale,0x0,0x0,0x0,0x0,0x0
0xF8 River Folk Child,0x266,0x2bd,0xf8,0x6d,0x0,0x5,NoAffinity,0x0,0,0,0,0,0,2,0,0,0,NoRank,NoRank,NoRank,NoRank,NoRank,NoRank,NoRank,NoRank,85,25,60,10,15,15,25,0x0,0x0,0x0,0x0,0x0,0x0,0x0,0x0,0x0,0x0,0x0
0xF9 Renais Citizen 1 (Child),0x265,0x2bc,0xf9,0x6e,0x0,0x5,NoAffinity,0x0,0,0,0,0,0,2,0,0,0,NoRank,NoRank,NoRank,NoRank,NoRank,NoRank,NoRank,NoRank,85,25,60,10,15,15,25,0x0,0x0,0x0,0x0,0x0,IsFemale,0x0,0x0,0x0,0x0,0x0
0xFA Renais Citizen 2,0x265,0x2bc,0xfa,0x71,0x0,0x5,NoAffinity,0x0,0,0,0,0,0,2,0,0,0,NoRank,NoRank,NoRank,NoRank,NoRank,NoRank,NoRank,NoRank,85,25,60,10,15,15,25,0x0,0x0,0x0,0x0,0x0,0x0,0x0,0x0,0x0,0x0,0x0
0xFB Renais Citizen 3,0x265,0x2bc,0xfb,0x72,0x0,0x5,NoAffinity,0x0,0,0,0,0,0,2,0,0,0,NoRank,NoRank,NoRank,NoRank,NoRank,NoRank,NoRank,NoRank,85,25,60,10,15,15,25,0x0,0x0,0x0,0x0,0x0,IsFemale,0x0,0x0,0x0,0x0,0x0
0xFC Old 'Citizen',0x264,0x0,0xfc,0x71,0x0,0x5,NoAffinity,0x0,0,0,0,0,0,2,0,0,0,NoRank,NoRank,NoRank,NoRank,NoRank,NoRank,NoRank,NoRank,85,25,60,10,15,15,25,0x0,0x0,0x0,0x0,0x0,0x0,0x0,0x3,0x0,0x0,0x0
0xFD Enemy (Arena),0x267,0x0,0xfd,0x41,0x0,0x0,NoAffinity,0x0,0,0,0,0,0,0,0,0,0,NoRank,NoRank,NoRank,NoRank,NoRank,NoRank,NoRank,NoRank,0,0,0,0,0,0,0,0x0,0x0,0x0,0x0,0x0,0x0,0x0,0x0,0x0,0x0,0x0
0xFE Wall,0x268,0x0,0xfe,0x41,0x0,0x0,NoAffinity,0x0,0,0,0,0,0,0,0,0,0,NoRank,NoRank,NoRank,NoRank,NoRank,NoRank,NoRank,NoRank,0,0,0,0,0,0,0,0x0,0x0,0x0,0x0,0x0,0x0,0x0,0x0,0x0,0x0,0x0
0xFF Snag,0x269,0x0,0xff,0x41,0x0,0x0,NoAffinity,0x0,1,0,0,0,0,0,0,0,0,NoRank,NoRank,NoRank,NoRank,NoRank,NoRank,NoRank,NoRank,0,0,0,0,0,0,0,0x0,0x0,0x0,0x0,0x0,0x0,0x0,0x0,0x0,0x0,0x0
